sample,Jar,ST_ID,Date_extracted,Volume_mL,Notes,Cruise_ID,Year,DbSta_ID,Quarter,Distance,Date,Julian_Date,Julian_Day,Time.x,Lat_Dec,Lat_Deg,Lat_Min,Lat_Hem,Lon_Dec,Lon_Deg,Lon_Min,Lon_Hem,Rpt_Line,Ac_Line,Rpt_Sta,Ac_Sta,Bottom_D,ForelU,Order_Occ,Event_Num,Cruz_Num,IntChl,mean_100_T,mean_100_Salinity,mean_100_O2,mean_100_O2_sat,mean_100_silicate,mean_100_PO4,mean_100_NO3,mean_100_NO2,mean_100_NH3,mean_100_CHLa,mean_100_Phaeo,mean_100_DIC1,Month,round_Lat,round_Lon,Year,mean_sst,stdev_sst,n.x,satellite_date.x,Time.y,lon_min.x,lon_max.x,lat_min.x,lat_max.x,median_sst,mad_sst,lon.x,lat.x,two_month_sst,y.x,annual_sst,mean_chla,stdev_chla,n.y,satellite_date.y,Time,lon_min.y,lon_max.y,lat_min.y,lat_max.y,median_chla,mad_chla,lon.y,lat.y,two_month_chla,annual_chla
X2000_4_80_60,0004_80_60,0004_80_60,6/26/2019,125,low_normal,2000-04-07-C-31JD,2000,8000600,2,-38.75,4/19/2000,36635,110,12/30/1899 21:21:00,34.148333,34,8.9,N,-121.156666,-121,9.4,W,80,80,60,60.1,2220,NA,54,532,4,92.3,11.76090909,33.63618182,4.620909091,76.18181818,14.62727273,1.177272727,12.72727273,0.161818182,NA,0.898181818,0.576363636,NA,4,34.2,-121.1,2000,12.58566667,0.284455721,30,2000-04-16T00:00:00Z,16T00:00:00Z,-121.248333,-121.048333,34.051666,34.251666,12.645,0.311346,-121.148333,34.151666,12.80133333,y,14.27561027,0.651430275,0.108028554,30,2000-04-01T00:00:00Z,01T00:00:00Z,-121.248333,-121.048333,34.051666,34.251666,0.662421674,0.135111177,-121.148333,34.151666,0.712794688,0.615785958
X2000_4_86.7_50,0004_86.7_50,0004_86.7_50,6/26/2019,125,low_normal,2000-04-07-C-31JD,2000,8670500,2,-71.17,4/15/2000,36631,106,12/30/1899 02:23:00,33.323333,33,19.4,N,-119.666666,-119,40,W,86.7,86.7,50,50,84,NA,33,322,4,67.8,10.72571429,33.77085714,3.941428571,63.22857143,19.51428571,1.531428571,18.18571429,0.19,NA,0.854285714,0.69,NA,4,33.3,-119.7,2000,13.76361111,0.261393549,36,2000-04-16T00:00:00Z,16T00:00:00Z,-119.761666,-119.561666,33.225,33.425,13.775,0.274281,-119.661666,33.325,13.38327614,y,14.47504419,0.569950453,0.095125609,36,2000-04-01T00:00:00Z,01T00:00:00Z,-119.761666,-119.561666,33.225,33.425,0.598871291,0.092689453,-119.661666,33.325,0.612306316,0.620880859
X2000_4_93.3_30,0004_93.3_30,0004_93.3_30,6/26/2019,125,low_normal,2000-04-07-C-31JD,2000,9330300,2,-15.11,4/8/2000,36624,99,12/30/1899 03:41:00,32.846666,32,50.8,N,-117.538333,-117,32.3,W,93.3,93.3,30,30.1,859,NA,3,22,4,29.8,12.54,33.6359,4.71,78.82,11.64,1.008,10.71,0.154,NA,0.313,0.165,NA,4,32.8,-117.5,2000,16.60694444,0.198736285,36,2000-04-16T00:00:00Z,16T00:00:00Z,-117.626666,-117.426666,32.748333,32.948333,16.565,0.103782,-117.526666,32.848333,15.92819444,y,17.30505184,0.230655376,0.036260807,36,2000-04-01T00:00:00Z,01T00:00:00Z,-117.626666,-117.426666,32.748333,32.948333,0.220411144,0.030872183,-117.526666,32.848333,0.251952596,0.305155023
X2000_4_93.3_60,0004_93.3_60,0004_93.3_60,6/26/2019,125,low_normal,2000-04-07-C-31JD,2000,9330600,2,-134.08,4/9/2000,36625,100,12/30/1899 06:12:00,31.85,31,51,N,-119.568333,-119,34.1,W,93.3,93.3,60,59.9,1870,NA,9,82,4,39.2,14.13727273,33.40309091,5.88,100.6636364,2.872727273,0.409090909,1.236363636,0.027272727,NA,0.340909091,0.146363636,NA,4,31.8,-119.6,2000,15.55972222,0.123090817,36,2000-04-16T00:00:00Z,16T00:00:00Z,-119.671666,-119.471666,31.748333,31.948333,15.615,0.103782,-119.571666,31.848333,15.03013889,y,15.98715278,0.28059399,0.012125403,36,2000-04-01T00:00:00Z,01T00:00:00Z,-119.671666,-119.471666,31.748333,31.948333,0.281448558,0.010103722,-119.571666,31.848333,0.275555423,0.260697094
X2001_4_80_60,0104_80_60,0104_80_60,6/26/2019,75,full,2001-04-05-C-31JD,2001,8000600,2,-39.06,4/20/2001,37000,110,12/30/1899 09:33:00,34.145,34,8.7,N,-121.161666,-121,9.7,W,80,80,60,60.2,2265,NA,54,532,104,76.3,11.49833333,33.35275,5.656666667,91.825,7.866666667,0.793333333,7.1,0.1,NA,0.706666667,0.261666667,NA,4,34.2,-121.1,2001,12.29233333,0.131874636,30,2001-04-16T00:00:00Z,16T00:00:00Z,-121.248333,-121.048333,34.051666,34.251666,12.335,0.118608,-121.148333,34.151666,12.48383333,y,14.29201533,0.970887705,0.13811915,30,2001-04-01T00:00:00Z,01T00:00:00Z,-121.248333,-121.048333,34.051666,34.251666,0.982656032,0.133267914,-121.148333,34.151666,0.760484863,0.65256688
X2001_4_86.7_50,0104_86.7_50,0104_86.7_50,6/26/2019,125,normal,2001-04-05-C-31JD,2001,8670500,2,-70.98,4/14/2001,36994,104,12/30/1899 12:40:00,33.32,33,19.2,N,-119.66,-119,39.6,W,86.7,86.7,50,50,79,NA,33,322,104,204.2,11.27333333,33.67533333,5.032222222,81.48888889,12.9,1.098888889,11.52222222,0.133333333,NA,3.086666667,0.973333333,NA,4,33.3,-119.7,2001,12.50354839,0.127267393,31,2001-04-16T00:00:00Z,16T00:00:00Z,-119.761666,-119.561666,33.225,33.425,12.52,0.088956,-119.661666,33.325,12.98483871,y,15.17069835,1.299313676,0.137439141,36,2001-04-01T00:00:00Z,01T00:00:00Z,-119.761666,-119.561666,33.225,33.425,1.302862704,0.105661881,-119.661666,33.325,0.917131673,0.740547796
X2001_4_93.3_30,0104_93.3_30,0104_93.3_30,6/26/2019,125,low_normal,2001-04-05-C-31JD,2001,9330300,2,-14.85,4/7/2001,36987,97,12/30/1899 01:36:00,32.845,32,50.7,N,-117.531666,-117,31.9,W,93.3,93.3,30,30,859,NA,3,22,104,29.1,12.23307692,33.60707692,4.686923077,77.83846154,11.82307692,0.989230769,10.48461538,0.051538462,NA,0.318461538,0.177692308,NA,4,32.8,-117.5,2001,15.80861111,0.177476804,36,2001-04-16T00:00:00Z,16T00:00:00Z,-117.626666,-117.426666,32.748333,32.948333,15.815,0.207564,-117.526666,32.848333,15.51541667,y,17.77913955,0.244194251,0.084161794,36,2001-04-01T00:00:00Z,01T00:00:00Z,-117.626666,-117.426666,32.748333,32.948333,0.215673126,0.037922605,-117.526666,32.848333,0.240024598,0.254921758
X2001_4_93.3_60,0104_93.3_60,0104_93.3_60,6/26/2019,125,low_normal,2001-04-05-C-31JD,2001,9330600,2,-133.93,4/8/2001,36988,98,12/30/1899 03:45:00,31.855,31,51.3,N,-119.568333,-119,34.1,W,93.3,93.3,60,59.9,2011,NA,9,82,104,26.1,13.1575,33.34133333,5.813333333,97.5,4.775,0.474166667,2.216666667,0.073333333,NA,0.240833333,0.088333333,NA,4,31.8,-119.6,2001,14.61972222,0.225356684,36,2001-04-16T00:00:00Z,16T00:00:00Z,-119.671666,-119.471666,31.748333,31.948333,14.64,0.29652,-119.571666,31.848333,14.55416667,y,16.25399422,0.159486776,0.008873415,36,2001-04-01T00:00:00Z,01T00:00:00Z,-119.671666,-119.471666,31.748333,31.948333,0.159897655,0.01037642,-119.571666,31.848333,0.182017615,0.22411884
X2002_4_80_60,0204_80_60,0204_80_60,6/26/2019,75,full,2002-03-28-C-31JD,2002,8000600,2,-38.73,4/9/2002,37355,99,12/30/1899 09:49:00,34.146666,34,8.8,N,-121.155,-121,9.3,W,80,80,60,60.1,2210,NA,54,532,204,58.5,11.167,33.5881,4.784,77.41,13.39,1.195,12.88,0.154,NA,0.39,0.244,NA,4,34.2,-121.1,2002,13.00366667,0.516022476,30,2002-04-16T00:00:00Z,16T00:00:00Z,-121.248333,-121.048333,34.051666,34.251666,12.9,0.355824,-121.148333,34.151666,13.00766667,y,14.32467214,0.749748284,0.091140462,30,2002-04-01T00:00:00Z,01T00:00:00Z,-121.248333,-121.048333,34.051666,34.251666,0.728660941,0.087089367,-121.148333,34.151666,0.623369942,0.658230678
X2002_4_86.7_50,0204_86.7_50,0204_86.7_50,6/26/2019,125,full,2002-03-28-C-31JD,2002,8670500,2,-70.74,4/4/2002,37350,94,12/30/1899 12:38:00,33.323333,33,19.4,N,-119.656666,-119,39.4,W,86.7,86.7,50,49.9,77,NA,33,322,204,40,11.78875,33.55025,5.3475,87.3,8.4,0.94625,8.2375,0.1925,NA,0.53875,0.5675,NA,4,33.3,-119.7,2002,13.37166667,0.384941405,30,2002-04-16T00:00:00Z,16T00:00:00Z,-119.761666,-119.561666,33.225,33.425,13.47,0.326172,-119.661666,33.325,13.67069048,y,14.90376171,1.37461251,0.192692513,36,2002-04-01T00:00:00Z,01T00:00:00Z,-119.761666,-119.561666,33.225,33.425,1.396894157,0.191878596,-119.661666,33.325,1.167217592,0.737718314
X2002_3_93.3_30,0204_93.3_30,0204_93.3_30,6/26/2019,125,full,2002-03-28-C-31JD,2002,9330300,1,-14.76,3/29/2002,37344,88,12/30/1899 00:59:00,32.848333,32,50.9,N,-117.531666,-117,31.9,W,93.3,93.3,30,30,846,NA,3,22,204,72.7,11.98,33.59077778,4.707777778,77.57777778,10.11111111,1.013333333,10.25555556,0.067777778,NA,0.704444444,0.388888889,NA,4,32.8,-117.5,2002,16.03861111,0.102487707,36,2002-04-16T00:00:00Z,16T00:00:00Z,-117.626666,-117.426666,32.748333,32.948333,16.03,0.096369,-117.526666,32.848333,15.49625,y,17.5994213,0.406840686,0.089929459,36,2002-04-01T00:00:00Z,01T00:00:00Z,-117.626666,-117.426666,32.748333,32.948333,0.399150208,0.074543832,-117.526666,32.848333,0.435881338,0.309077445
X2002_3_93.3_60,0204_93.3_60,0204_93.3_60,6/26/2019,125,full,2002-03-28-C-31JD,2002,9330600,1,-134.33,3/30/2002,37345,89,12/30/1899 03:47:00,31.846666,31,50.8,N,-119.571666,-119,34.3,W,93.3,93.3,60,60,1875,NA,9,82,204,44.9,13.176,33.537,5.925,99.46,4.38,0.595,3.12,0.115,NA,0.435,0.166,NA,4,31.8,-119.6,2002,13.78136364,0.324261732,22,2002-04-16T00:00:00Z,16T00:00:00Z,-119.671666,-119.471666,31.748333,31.948333,13.775,0.274281,-119.571666,31.848333,14.30040404,y,16.01387247,0.400016414,0.018829418,36,2002-04-01T00:00:00Z,01T00:00:00Z,-119.671666,-119.471666,31.748333,31.948333,0.399118587,0.020834716,-119.571666,31.848333,0.322319394,0.229528526
X2003_4_80_60,0304_80_60,0304_80_60,6/26/2019,125,normal,2003-04-03-C-33RR,2003,8000600,2,-37.4,4/16/2003,37727,106,12/30/1899 17:56:00,34.155,34,9.3,N,-121.13,-121,7.8,W,80,80,60,59.7,2086,NA,55,542,304,297,10.92066667,33.49986667,5.002666667,80.46666667,14.17333333,1.330666667,14.15333333,0.243333333,NA,3.786,1.176,NA,4,34.2,-121.1,2003,12.74,0.135875196,30,2003-04-16T00:00:00Z,16T00:00:00Z,-121.248333,-121.048333,34.051666,34.251666,12.72,0.081543,-121.148333,34.151666,13.0285,y,14.77673793,1.449787883,0.246628047,30,2003-04-01T00:00:00Z,01T00:00:00Z,-121.248333,-121.048333,34.051666,34.251666,1.416970789,0.350831648,-121.148333,34.151666,1.062346106,0.849700522
X2003_4_86.7_50,0304_86.7_50,0304_86.7_50,6/26/2019,125,normal,2003-04-03-C-33RR,2003,8670500,2,-71.03,4/11/2003,37722,101,12/30/1899 15:00:00,33.323333,33,19.4,N,-119.663333,-119,39.8,W,86.7,86.7,50,50,85,NA,34,332,304,185.6,11.02909091,33.47109091,4.858181818,78.14545455,13.33636364,1.319090909,14.42727273,0.240909091,NA,2.170909091,0.931818182,NA,4,33.3,-119.7,2003,12.620625,0.119702252,32,2003-04-16T00:00:00Z,16T00:00:00Z,-119.761666,-119.561666,33.225,33.425,12.61,0.133434,-119.661666,33.325,12.98642361,y,14.92613777,1.020773104,0.105714993,36,2003-04-01T00:00:00Z,01T00:00:00Z,-119.761666,-119.561666,33.225,33.425,1.014168739,0.063143171,-119.661666,33.325,0.874164281,0.757943775
X2003_4_93.3_30,0304_93.3_30,0304_93.3_30,6/26/2019,125,normal,2003-04-03-C-33RR,2003,9330300,2,-14.8,4/24/2003,37735,114,12/30/1899 20:21:00,32.846666,32,50.8,N,-117.531666,-117,31.9,W,93.3,93.3,30,30,856,NA,308,3072,304,60,11.513,33.532,4.15,67.77,14.04,1.336,14.37,0.242,NA,0.641,0.47,NA,4,32.8,-117.5,2003,15.40055556,0.148784493,36,2003-04-16T00:00:00Z,16T00:00:00Z,-117.626666,-117.426666,32.748333,32.948333,15.43,0.103782,-117.526666,32.848333,15.40680556,y,17.6044213,0.452764659,0.161679486,36,2003-04-01T00:00:00Z,01T00:00:00Z,-117.626666,-117.426666,32.748333,32.948333,0.362535506,0.047241548,-117.526666,32.848333,0.418532121,0.308964598
X2003_4_93.3_60,0304_93.3_60,0304_93.3_60,6/26/2019,125,normal,2003-04-03-C-33RR,2003,9330600,2,-134.33,4/23/2003,37734,113,12/30/1899 17:02:00,31.846666,31,50.8,N,-119.571666,-119,34.3,W,93.3,93.3,60,60,1879,NA,297,2962,304,53.8,12.21166667,33.35183333,5.035,83.26666667,9.216666667,1.036666667,9.958333333,0.15,NA,0.508333333,0.273333333,NA,4,31.8,-119.6,2003,14.6975,0.111056614,36,2003-04-16T00:00:00Z,16T00:00:00Z,-119.671666,-119.471666,31.748333,31.948333,14.69,0.133434,-119.571666,31.848333,14.79597222,y,16.48171652,0.33498614,0.021816859,36,2003-04-01T00:00:00Z,01T00:00:00Z,-119.671666,-119.471666,31.748333,31.948333,0.342558622,0.023422605,-119.571666,31.848333,0.280141428,0.236310384
X2004_4_80_60,0404_80_60,0404_80_60,6/27/2019,125,low_normal,2004-03-23-C-32NM,2004,8000600,2,-38.46,4/4/2004,38081,95,12/30/1899 12:05:00,34.153333,34,9.2,N,-121.153333,-121,9.2,W,80,80,60,60,2207,NA,50,492,404,505.5,11.021,33.4987,4.751,76.41,14.04,1.311,15.4,0.19,NA,4.946,1.119,NA,4,34.2,-121.1,2004,13.25166667,0.278085615,30,2004-04-16T00:00:00Z,16T00:00:00Z,-121.248333,-121.048333,34.051666,34.251666,13.305,0.303933,-121.148333,34.151666,13.16316667,y,14.51392019,1.16009568,0.170242716,30,2004-04-01T00:00:00Z,01T00:00:00Z,-121.248333,-121.048333,34.051666,34.251666,1.15391171,0.15411551,-121.148333,34.151666,1.11407179,0.912641618
X2004_3_86.7_50,0404_86.7_50,0404_86.7_50,6/27/2019,125,low_normal,2004-03-23-C-32NM,2004,8670500,1,-70.95,3/30/2004,38076,90,12/30/1899 15:09:00,33.323333,33,19.4,N,-119.661666,-119,39.7,W,86.7,86.7,50,50,81,NA,33,322,404,51.1,10.91375,33.466375,4.29375,69.2,15.125,1.25,15.075,0.09125,NA,0.54875,0.34625,NA,4,33.3,-119.7,2004,13.733125,0.379910325,32,2004-04-16T00:00:00Z,16T00:00:00Z,-119.761666,-119.561666,33.225,33.425,13.82,0.244629,-119.661666,33.325,13.60674107,y,14.85485452,1.3810787,0.124294177,36,2004-04-01T00:00:00Z,01T00:00:00Z,-119.761666,-119.561666,33.225,33.425,1.384114981,0.122690044,-119.661666,33.325,1.083561062,0.931980022
X2004_3_93.3_30,0404_93.3_30,0404_93.3_30,6/26/2019,125,low,2004-03-23-C-32NM,2004,9330300,1,-14.8,3/24/2004,38070,84,12/30/1899 01:48:00,32.846666,32,50.8,N,-117.531666,-117,31.9,W,93.3,93.3,30,30,854,NA,3,22,404,47.1,11.79444444,33.43288889,4.295555556,70.67777778,12.21111111,1.148888889,12.8,0.096666667,NA,0.484444444,0.298888889,NA,4,32.8,-117.5,2004,17.05166667,0.280188712,36,2004-04-16T00:00:00Z,16T00:00:00Z,-117.626666,-117.426666,32.748333,32.948333,17.06,0.289107,-117.526666,32.848333,16.42402778,y,17.99115932,0.340900285,0.063192141,36,2004-04-01T00:00:00Z,01T00:00:00Z,-117.626666,-117.426666,32.748333,32.948333,0.324562863,0.036961793,-117.526666,32.848333,0.332672807,0.579413863
X2004_3_93.3_60,0404_93.3_60,0404_93.3_60,6/26/2019,125,low_normal,2004-03-23-C-32NM,2004,9330600,1,-134.47,3/25/2004,38071,85,12/30/1899 02:21:00,31.846666,31,50.8,N,-119.575,-119,34.5,W,93.3,93.3,60,60,1902,NA,9,82,404,36.1,12.665,33.113,5.4475,90.56666667,5.608333333,0.71,5.825,0.088333333,NA,0.396666667,0.256666667,NA,4,31.8,-119.6,2004,14.55722222,0.349935595,36,2004-04-16T00:00:00Z,16T00:00:00Z,-119.671666,-119.471666,31.748333,31.948333,14.485,0.407715,-119.571666,31.848333,14.4175,y,16.68267677,0.281780755,0.02634923,36,2004-04-01T00:00:00Z,01T00:00:00Z,-119.671666,-119.471666,31.748333,31.948333,0.292043656,0.023275955,-119.571666,31.848333,0.286932171,0.272263131
X2005_4_80_60,0504_80_60,0504_80_60,6/27/2019,125,low_normal,2005-04-15-C-32NM,2005,8000600,2,-38.743,4/27/2005,38469,117,12/30/1899 18:41:00,34.146667,34,8.8,N,-121.15,-121,9,W,80,80,60,60,2180,NA,62,612,504,119,11.75533333,33.33926667,5.419333333,88.38666667,8.573333333,0.982,8.353333333,0.124666667,NA,1.186,1.081333333,NA,4,34.2,-121.1,2005,13.289,0.552738324,30,2005-04-16T00:00:00Z,16T00:00:00Z,-121.248333,-121.048333,34.051666,34.251666,13.09,0.252042,-121.148333,34.151666,13.85366667,y,14.87336325,1.293640413,0.118640379,30,2005-04-01T00:00:00Z,01T00:00:00Z,-121.248333,-121.048333,34.051666,34.251666,1.322040021,0.083768163,-121.148333,34.151666,0.814465336,0.900005239
X2005_4_86.7_50,0504_86.7_50,0504_86.7_50,6/27/2019,125,low,2005-04-15-C-32NM,2005,8670500,2,-71.279,4/26/2005,38468,116,12/30/1899 12:45:00,33.321667,33,19.3,N,-119.665,-119,39.9,W,86.7,86.7,50,50,84,NA,53,522,504,102.4,13.09181818,33.17545455,5.774545455,96.68181818,3.436363636,0.571818182,3.072727273,0.048181818,NA,1.393636364,0.841818182,NA,4,33.3,-119.7,2005,13.36361111,0.46143969,36,2005-04-16T00:00:00Z,16T00:00:00Z,-119.761666,-119.561666,33.225,33.425,13.265,0.511497,-119.661666,33.325,14.01621732,y,15.51651292,0.981352642,0.194577407,36,2005-04-01T00:00:00Z,01T00:00:00Z,-119.761666,-119.561666,33.225,33.425,0.978053123,0.22843866,-119.661666,33.325,0.685129378,0.707212256
X2005_4_93.3_30,0504_93.3_30,0504_93.3_30,6/27/2019,125,normal_orange,2005-04-15-C-32NM,2005,9330300,2,-15.569,4/16/2005,38458,106,12/30/1899 05:32:00,32.843333,32,50.6,N,-117.54,-117,32.4,W,93.3,93.3,30,30.1,872,NA,5,42,504,74.9,11.08545455,33.56863636,3.790909091,61.35454545,15.28181818,1.468181818,16.5,0.075454545,NA,0.63,0.268181818,NA,4,32.8,-117.5,2005,16.88657143,0.685964083,35,2005-04-16T00:00:00Z,16T00:00:00Z,-117.626666,-117.426666,32.748333,32.948333,16.91,0.711648,-117.526666,32.848333,16.51742857,y,18.37479836,0.571995415,0.207827741,36,2005-04-01T00:00:00Z,01T00:00:00Z,-117.626666,-117.426666,32.748333,32.948333,0.51807797,0.198230709,-117.526666,32.848333,0.477373978,0.35194586
X2005_4_93.3_60,0504_93.3_60,0504_93.3_60,6/27/2019,125,low_normal,2005-04-15-C-32NM,2005,9330600,2,-134.974,4/17/2005,38459,107,12/30/1899 06:06:00,31.848333,31,50.9,N,-119.58,-119,34.8,W,93.3,93.3,60,60.1,1857,NA,11,102,504,45.3,14.30909091,33.15590909,5.598181818,96.14545455,3.463636364,0.511818182,2.409090909,0.03,NA,0.37,0.1,NA,4,31.8,-119.6,2005,15.56333333,0.339402837,36,2005-04-16T00:00:00Z,16T00:00:00Z,-119.671666,-119.471666,31.748333,31.948333,15.665,0.133434,-119.571666,31.848333,15.72208333,y,16.60687701,0.15774224,0.027999739,36,2005-04-01T00:00:00Z,01T00:00:00Z,-119.671666,-119.471666,31.748333,31.948333,0.145936951,0.019143217,-119.571666,31.848333,0.147610285,0.263313161
X2006_4_80_60,0604_80_60,0604_80_60,6/27/2019,125,low_normal_orange,2006-04-01-C-32NM,2006,8000600,2,-38.48,4/14/2006,38821,104,12/30/1899 08:24:00,34.155,34,9.3,N,-121.155,-121,9.3,W,80,80,60,60,2225,NA,62,612,604,58.1,12.66363636,33.35609091,5.395454545,89.93636364,7.727272727,0.750909091,6.709090909,0.147272727,NA,0.647272727,0.149090909,NA,4,34.2,-121.1,2006,13.37933333,0.219276763,30,2006-04-16T00:00:00Z,16T00:00:00Z,-121.248333,-121.048333,34.051666,34.251666,13.4,0.237216,-121.148333,34.151666,13.04,y,14.36481061,0.645296075,0.089455441,30,2006-04-01T00:00:00Z,01T00:00:00Z,-121.248333,-121.048333,34.051666,34.251666,0.65017873,0.11099288,-121.148333,34.151666,0.710914273,0.756784932
X2006_4_86.7_50,0604_86.7_50,0604_86.7_50,6/27/2019,125,low_normal,2006-04-01-C-32NM,2006,8670500,2,-70.59,4/9/2006,38816,99,12/30/1899 12:26:00,33.318333,33,19.1,N,-119.65,-119,39,W,86.7,86.7,50,49.9,77,NA,38,372,604,86.2,11.76,33.54422222,4.82875,78.7875,12.0875,1.08,11.45,0.22125,NA,1.14125,0.3575,NA,4,33.3,-119.7,2006,15.7056,0.705969074,25,2006-04-16T00:00:00Z,16T00:00:00Z,-119.761666,-119.561666,33.225,33.425,15.54,0.88956,-119.661666,33.325,14.18894286,y,15.31692849,1.598219203,0.122878655,36,2006-04-01T00:00:00Z,01T00:00:00Z,-119.761666,-119.561666,33.225,33.425,1.618851721,0.121496962,-119.661666,33.325,1.595582746,1.007315079
X2006_4_93.3_30,0604_93.3_30,0604_93.3_30,6/27/2019,125,low_normal_orange,2006-04-01-C-32NM,2006,9330300,2,-14.88,4/2/2006,38809,92,12/30/1899 07:20:00,32.846666,32,50.8,N,-117.533333,-117,32,W,93.3,93.3,30,30,856,NA,5,42,604,51.8,11.754,33.6215,4.228,69.9,14.16,1.218,13.87,0.042,NA,0.535,0.184,NA,4,32.8,-117.5,2006,16.36611111,0.544926091,36,2006-04-16T00:00:00Z,16T00:00:00Z,-117.626666,-117.426666,32.748333,32.948333,16.2,0.22239,-117.526666,32.848333,15.31263889,y,17.99698991,0.451102975,0.154193987,36,2006-04-01T00:00:00Z,01T00:00:00Z,-117.626666,-117.426666,32.748333,32.948333,0.399836823,0.09641179,-117.526666,32.848333,0.6877945,0.451013829
X2006_4_93.3_60,0604_93.3_60,0604_93.3_60,6/27/2019,125,low_normal_orange,2006-04-01-C-32NM,2006,9330600,2,-134.55,4/3/2006,38810,93,12/30/1899 11:06:00,31.846666,31,50.8,N,-119.576666,-119,34.6,W,93.3,93.3,60,60.1,1904,NA,11,102,604,31.5,11.748,33.4758,4.628,76.04,11.66,1.117,12.35,0.073,NA,0.294,0.109,NA,4,31.8,-119.6,2006,16.39611111,0.173011606,36,2006-04-16T00:00:00Z,16T00:00:00Z,-119.671666,-119.471666,31.748333,31.948333,16.38,0.103782,-119.571666,31.848333,15.32930556,y,16.57262599,0.243137009,0.011371838,36,2006-04-01T00:00:00Z,01T00:00:00Z,-119.671666,-119.471666,31.748333,31.948333,0.242063604,0.007650929,-119.571666,31.848333,0.25686119,0.304180136
X2007_4_80_60,0704_80_60,0704_80_60,6/27/2019,120,normal,2007-03-27-C-31JD,2007,8000600,2,-38.46,4/14/2007,39186,104,12/30/1899 08:03:00,34.148333,34,8.9,N,-121.15,-121,9,W,80,80,60,60,2175,NA,53,522,704,80.6,11.238,33.6563,4.728,76.76,13.51,1.282,14.6,0.19,NA,0.842,0.263,NA,4,34.2,-121.1,2007,12.77,0.34445359,30,2007-04-16T00:00:00Z,16T00:00:00Z,-121.248333,-121.048333,34.051666,34.251666,12.82,0.29652,-121.148333,34.151666,12.8025,y,15.2668,0.513022286,0.037731888,30,2007-04-01T00:00:00Z,01T00:00:00Z,-121.248333,-121.048333,34.051666,34.251666,0.509752065,0.035266108,-121.148333,34.151666,0.556300106,0.691132826
X2007_4_80_60,0704_80_60_J2,0704_80_60,6/27/2019,120,normal,2007-03-27-C-31JD,2007,8000600,2,-38.46,4/14/2007,39186,104,12/30/1899 08:03:00,34.148333,34,8.9,N,-121.15,-121,9,W,80,80,60,60,2175,NA,53,522,704,80.6,11.238,33.6563,4.728,76.76,13.51,1.282,14.6,0.19,NA,0.842,0.263,NA,4,34.2,-121.1,2007,12.77,0.34445359,30,2007-04-16T00:00:00Z,16T00:00:00Z,-121.248333,-121.048333,34.051666,34.251666,12.82,0.29652,-121.148333,34.151666,12.8025,y,15.2668,0.513022286,0.037731888,30,2007-04-01T00:00:00Z,01T00:00:00Z,-121.248333,-121.048333,34.051666,34.251666,0.509752065,0.035266108,-121.148333,34.151666,0.556300106,0.691132826
X2007_4_86.7_50,0704_86.7_50,0704_86.7_50,6/27/2019,125,low_normal,2007-03-27-C-31JD,2007,8670500,2,-70.88,4/8/2007,39180,98,12/30/1899 04:36:00,33.323333,33,19.4,N,-119.66,-119,39.6,W,86.7,86.7,50,50,78,NA,37,362,704,34.9,12.444,33.6286,5.286666667,87.54444444,10.26666667,0.948888889,9.011111111,0.173333333,NA,0.49,0.22,NA,4,33.3,-119.7,2007,13.00423077,0.30017559,26,2007-04-16T00:00:00Z,16T00:00:00Z,-119.761666,-119.561666,33.225,33.425,13.015,0.177912,-119.661666,33.325,13.45711538,y,15.78462017,0.939261496,0.118384167,36,2007-04-01T00:00:00Z,01T00:00:00Z,-119.761666,-119.561666,33.225,33.425,0.961123645,0.120485658,-119.661666,33.325,0.851037512,0.852551775
X2007_3_93.3_30,0704_93.3_30,0704_93.3_30,6/27/2019,125,low_normal,2007-03-27-C-31JD,2007,9330300,1,-14.62,3/28/2007,39169,87,12/30/1899 15:09:00,32.845,32,50.7,N,-117.526666,-117,31.6,W,93.3,93.3,30,30,829,NA,4,32,704,44.3,12.80083333,33.62841667,4.8025,80.675,9.227272727,0.897272727,8,0.07,NA,0.595454545,0.253636364,NA,4,32.8,-117.5,2007,15.70138889,0.263960525,36,2007-04-16T00:00:00Z,16T00:00:00Z,-117.626666,-117.426666,32.748333,32.948333,15.71,0.274281,-117.526666,32.848333,15.71,y,18.52781812,0.770498052,0.068634754,36,2007-04-01T00:00:00Z,01T00:00:00Z,-117.626666,-117.426666,32.748333,32.948333,0.765983641,0.076391623,-117.526666,32.848333,0.658899355,0.483414293
X2007_3_93.3_60,0704_93.3_60,0704_93.3_60,6/27/2019,125,low_normal,2007-03-27-C-31JD,2007,9330600,1,-134.11,3/29/2007,39170,88,12/30/1899 20:23:00,31.846666,31,50.8,N,-119.566666,-119,34,W,93.3,93.3,60,59.9,1830,NA,10,92,704,70.4,13.53333333,33.51241667,6.0225,101.8,3.158333333,0.4625,1.258333333,0.133333333,NA,0.780833333,0.239166667,NA,4,31.8,-119.6,2007,14.72,0.122940171,36,2007-04-16T00:00:00Z,16T00:00:00Z,-119.671666,-119.471666,31.748333,31.948333,14.74,0.07413,-119.571666,31.848333,14.43611111,y,17.3175463,0.334316769,0.015234221,36,2007-04-01T00:00:00Z,01T00:00:00Z,-119.671666,-119.471666,31.748333,31.948333,0.32975927,0.013042947,-119.571666,31.848333,0.368735601,0.290962074
X2008_4_86.7_50,0804_86.7_50,0804_86.7_50,6/27/2019,125,low_normal,2008-03-24-C-31JD,2008,8670500,2,-71.008,4/1/2008,39539,92,12/30/1899 23:23:00,33.321666,33,19.3,N,-119.661666,-119,39.7,W,86.7,86.7,50,50,78,NA,35,342,804,105.3,11.34,33.75222222,4.714444444,73.825,13.35555556,1.246666667,13.97777778,0.115555556,0.307777778,1.741111111,0.747777778,NA,4,33.3,-119.7,2008,12.43638889,0.260583442,36,2008-04-16T00:00:00Z,16T00:00:00Z,-119.761666,-119.561666,33.225,33.425,12.35,0.274281,-119.661666,33.325,12.62001263,y,14.55515753,0.931143853,0.102354353,36,2008-04-01T00:00:00Z,01T00:00:00Z,-119.761666,-119.561666,33.225,33.425,0.974235594,0.077890287,-119.661666,33.325,1.192528995,0.912142756
X2008_3_93.3_30,0804_93.3_30,0804_93.3_30,6/27/2019,125,normal,2008-03-24-C-31JD,2008,9330300,1,-14.775,3/25/2008,39532,85,12/30/1899 14:37:00,32.845,32,50.7,N,-117.53,-117,31.8,W,93.3,93.3,30,30,847,NA,5,42,804,47,11.44222222,33.68033333,4.007777778,65.61111111,15.95555556,1.37,15.74444444,0.048888889,0.03,0.5,0.193333333,NA,4,32.8,-117.5,2008,16.07138889,0.187375144,36,2008-04-16T00:00:00Z,16T00:00:00Z,-117.626666,-117.426666,32.748333,32.948333,16.1,0.214977,-117.526666,32.848333,15.72513889,y,17.86903439,0.670790561,0.13539059,36,2008-04-01T00:00:00Z,01T00:00:00Z,-117.626666,-117.426666,32.748333,32.948333,0.635018706,0.12119624,-117.526666,32.848333,0.603941287,0.466930736
X2008_3_93.3_60,0804_93.3_60,0804_93.3_60,6/27/2019,125,low_normal,2008-03-24-C-31JD,2008,9330600,1,-134.308,3/26/2008,39533,86,12/30/1899 19:19:00,31.845,31,50.7,N,-119.57,-119,34.2,W,93.3,93.3,60,60,1795,NA,11,102,804,47.5,12.60333333,33.48541667,5.080833333,84.73333333,9.066666667,0.8625,8.308333333,0.07,0.038333333,0.538333333,0.176666667,NA,4,31.8,-119.6,2008,14.30277778,0.533284224,36,2008-04-16T00:00:00Z,16T00:00:00Z,-119.671666,-119.471666,31.748333,31.948333,14.285,0.681996,-119.571666,31.848333,14.29166667,y,15.92276108,0.385544928,0.024237332,36,2008-04-01T00:00:00Z,01T00:00:00Z,-119.671666,-119.471666,31.748333,31.948333,0.389018357,0.030976945,-119.571666,31.848333,0.426480408,0.370200645
X2009_3_80_60,0903_80_60,0903_80_60,6/28/2019,125,full,2009-03-08-C-31JD,2009,8000600,1,-38.272,3/20/2009,39892,79,12/30/1899 12:38:00,34.15,34,9,N,-121.146666,-121,8.8,W,80,80,60,60,2149,NA,62,612,903,120,11.97636364,33.43536364,5.466363636,89.66363636,6.990909091,0.779090909,6.918181818,0.131818182,0.241818182,1.372727273,0.391818182,NA,3,34.2,-121.1,2009,12.463,0.105541298,30,2009-03-17T00:00:00Z,17T00:00:00Z,-121.248333,-121.048333,34.051666,34.251666,12.475,0.111195,-121.148333,34.151666,12.4285,y,14.05032992,0.817066441,0.114546942,30,2009-03-01T00:00:00Z,01T00:00:00Z,-121.248333,-121.048333,34.051666,34.251666,0.801796377,0.162500306,-121.148333,34.151666,0.669566303,0.723052199
X2009_3_86.7_50,0903_86.7_50_J1,0903_86.7_50,6/28/2019,34,full,2009-03-08-C-31JD,2009,8670500,1,-71.032,3/15/2009,39887,74,12/30/1899 13:56:00,33.323333,33,19.4,N,-119.663333,-119,39.8,W,86.7,86.7,50,50,74,NA,38,372,903,64.9,11.58875,33.40625,5.07875,82.575,10.1125,0.98375,9.5125,0.1075,0.01125,0.75875,0.19125,NA,3,33.3,-119.7,2009,13.23861111,0.16214901,36,2009-03-17T00:00:00Z,17T00:00:00Z,-119.761666,-119.561666,33.225,33.425,13.22,0.133434,-119.661666,33.325,13.24180556,y,15.43296307,0.78619126,0.115907056,36,2009-03-01T00:00:00Z,01T00:00:00Z,-119.761666,-119.561666,33.225,33.425,0.771140218,0.150931986,-119.661666,33.325,0.835135757,0.800531806
X2009_3_86.7_50,0903_86.7_50_J2,0903_86.7_50,6/28/2019,34,full,2009-03-08-C-31JD,2009,8670500,1,-71.032,3/15/2009,39887,74,12/30/1899 13:56:00,33.323333,33,19.4,N,-119.663333,-119,39.8,W,86.7,86.7,50,50,74,NA,38,372,903,64.9,11.58875,33.40625,5.07875,82.575,10.1125,0.98375,9.5125,0.1075,0.01125,0.75875,0.19125,NA,3,33.3,-119.7,2009,13.23861111,0.16214901,36,2009-03-17T00:00:00Z,17T00:00:00Z,-119.761666,-119.561666,33.225,33.425,13.22,0.133434,-119.661666,33.325,13.24180556,y,15.43296307,0.78619126,0.115907056,36,2009-03-01T00:00:00Z,01T00:00:00Z,-119.761666,-119.561666,33.225,33.425,0.771140218,0.150931986,-119.661666,33.325,0.835135757,0.800531806
X2009_3_86.7_50,0903_86.7_50_J3,0903_86.7_50,6/28/2019,34,full,2009-03-08-C-31JD,2009,8670500,1,-71.032,3/15/2009,39887,74,12/30/1899 13:56:00,33.323333,33,19.4,N,-119.663333,-119,39.8,W,86.7,86.7,50,50,74,NA,38,372,903,64.9,11.58875,33.40625,5.07875,82.575,10.1125,0.98375,9.5125,0.1075,0.01125,0.75875,0.19125,NA,3,33.3,-119.7,2009,13.23861111,0.16214901,36,2009-03-17T00:00:00Z,17T00:00:00Z,-119.761666,-119.561666,33.225,33.425,13.22,0.133434,-119.661666,33.325,13.24180556,y,15.43296307,0.78619126,0.115907056,36,2009-03-01T00:00:00Z,01T00:00:00Z,-119.761666,-119.561666,33.225,33.425,0.771140218,0.150931986,-119.661666,33.325,0.835135757,0.800531806
X2009_3_93.3_30,0903_93.3_30,0903_93.3_30,6/28/2019,125,normal,2009-03-08-C-31JD,2009,9330300,1,-14.959,3/8/2009,39880,67,12/30/1899 12:21:00,32.846666,32,50.8,N,-117.535,-117,32.1,W,93.3,93.3,30,30,841,NA,5,42,903,32.7,12.22777778,33.419,5.00375,82.9875,9.5375,0.83375,8.7125,0.085,0.195,0.37625,0.19625,2041.5,3,32.8,-117.5,2009,14.89666667,0.111432234,36,2009-03-17T00:00:00Z,17T00:00:00Z,-117.626666,-117.426666,32.748333,32.948333,14.9,0.133434,-117.526666,32.848333,15.46666667,y,18.19983384,0.350118082,0.108539194,36,2009-03-01T00:00:00Z,01T00:00:00Z,-117.626666,-117.426666,32.748333,32.948333,0.301833957,0.024953921,-117.526666,32.848333,0.490636194,0.401235665
X2009_3_93.3_60,0903_93.3_60,0903_93.3_60,6/28/2019,125,low_normal,2009-03-08-C-31JD,2009,9330600,1,-134.156,3/9/2009,39881,68,12/30/1899 14:32:00,31.85,31,51,N,-119.57,-119,34.2,W,93.3,93.3,60,60,1952,NA,11,102,903,28.8,12.94181818,33.22536364,5.722727273,95.52727273,5.472727273,0.599090909,3.954545455,0.07,0.068181818,0.323636364,0.158181818,NA,3,31.8,-119.6,2009,14.32916667,0.267243869,36,2009-03-17T00:00:00Z,17T00:00:00Z,-119.671666,-119.471666,31.748333,31.948333,14.27,0.22239,-119.571666,31.848333,14.03430556,y,15.89034772,0.331530261,0.017741881,36,2009-03-01T00:00:00Z,01T00:00:00Z,-119.671666,-119.471666,31.748333,31.948333,0.334632367,0.018301241,-119.571666,31.848333,0.320212935,0.322477699
X2010_5_80_60,1004_80_60,1004_80_60,6/28/2019,125,full_orange,2010-04-27-C-31FN,2010,8000600,2,-38.227,5/17/2010,40315,137,12/30/1899 01:51:00,34.146667,34,8.8,N,-121.143333,-121,8.6,W,80,80,60,60,2142,NA,189,1882,1004,30.4,11.4175,33.382375,5.41625,87.6125,14.1875,1.17875,12.85,0.21,0.245,0.3375,0.26875,2088.78,4,34.2,-121.1,2010,13.19666667,0.591242603,30,2010-04-16T00:00:00Z,16T00:00:00Z,-121.248333,-121.048333,34.051666,34.251666,13.31,0.630105,-121.148333,34.151666,13.34433333,y,14.61696305,0.776660742,0.13720436,30,2010-04-01T00:00:00Z,01T00:00:00Z,-121.248333,-121.048333,34.051666,34.251666,0.806174785,0.091381491,-121.148333,34.151666,0.710276367,0.787036559
X2010_4_93.3_30,1004_93.3_30,1004_93.3_30,6/28/2019,125,normal,2010-04-27-C-31FN,2010,9330300,2,-14.765,4/27/2010,40295,117,12/30/1899 12:08:00,32.848333,32,50.9,N,-117.531667,-117,31.9,W,93.3,93.3,30,30,846,NA,127,1262,1004,31.8,13.92833333,33.411,5.453333333,93.28333333,5.6,0.62,4,0.088333333,0.105,0.353333333,0.181666667,2041.09,4,32.8,-117.5,2010,16.81527778,0.233415462,36,2010-04-16T00:00:00Z,16T00:00:00Z,-117.626666,-117.426666,32.748333,32.948333,16.87,0.274281,-117.526666,32.848333,16.23152778,y,18.45391865,0.236347518,0.055897702,36,2010-04-01T00:00:00Z,01T00:00:00Z,-117.626666,-117.426666,32.748333,32.948333,0.217240334,0.021633899,-117.526666,32.848333,0.310682301,0.31539953
X2010_4_93.3_60,1004_93.3_60,1004_93.3_60,6/28/2019,125,full,2010-04-27-C-31FN,2010,9330600,2,-134.207,4/28/2010,40296,118,12/30/1899 11:42:00,31.848333,31,50.9,N,-119.57,-119,34.2,W,93.3,93.3,60,60,1833,NA,133,1322,1004,29.2,14.77777778,33.24511111,5.84,101.1333333,2,0.39625,0.425,0.00875,0.0775,0.281111111,0.136666667,NA,4,31.8,-119.6,2010,15.15277778,0.13593299,36,2010-04-16T00:00:00Z,16T00:00:00Z,-119.671666,-119.471666,31.748333,31.948333,15.135,0.126021,-119.571666,31.848333,14.96472222,y,16.51466017,0.277031477,0.023072995,36,2010-04-01T00:00:00Z,01T00:00:00Z,-119.671666,-119.471666,31.748333,31.948333,0.275210127,0.027265279,-119.571666,31.848333,0.313562538,0.369749535
X2011_4_80_60,1104_80_60,1104_80_60,6/28/2019,50,full,2011-04-09-C-325S,2011,8000600,2,-38.855,4/23/2011,40656,113,12/30/1899 17:27:00,34.15,34,9,N,-121.155,-121,9.3,W,80,80,60,60.1,2162,NA,103,1022,1104,148.4,10.89416667,33.62516667,5.068181818,81.21818182,15.22727273,1.432727273,15.51818182,0.199090909,1.036363636,1.76,0.99,NA,4,34.2,-121.1,2011,13.17333333,0.234555094,30,2011-04-16T00:00:00Z,16T00:00:00Z,-121.248333,-121.048333,34.051666,34.251666,13.2,0.207564,-121.148333,34.151666,13.19316667,y,13.94502601,0.653882813,0.150064018,30,2011-04-01T00:00:00Z,01T00:00:00Z,-121.248333,-121.048333,34.051666,34.251666,0.603025079,0.140907001,-121.148333,34.151666,0.533326076,0.873452946
X2011_4_86.7_50,1104_86.7_50,1104_86.7_50,6/28/2019,125,normal_organge,2011-04-09-C-325S,2011,8670500,2,-71.322,4/18/2011,40651,108,12/30/1899 18:16:00,33.325,33,19.5,N,-119.668333,-119,40.1,W,86.7,86.7,50,50,81,NA,75,742,1104,33.2,10.979,33.6845,3.739,60.54,20.2,1.526,18.36,0.137,0.046,0.461,0.266,NA,4,33.3,-119.7,2011,13.67971429,0.277281824,35,2011-04-16T00:00:00Z,16T00:00:00Z,-119.761666,-119.561666,33.225,33.425,13.77,0.163086,-119.661666,33.325,13.32335714,y,14.18861671,1.046693183,0.07860048,36,2011-04-01T00:00:00Z,01T00:00:00Z,-119.761666,-119.561666,33.225,33.425,1.051147103,0.075167215,-119.661666,33.325,1.025136496,1.278092538
X2011_4_93.3_30,1104_93.3_30,1104_93.3_30,6/28/2019,125,low_normal,2011-04-09-C-325S,2011,9330300,2,-14.909,4/10/2011,40643,100,12/30/1899 09:21:00,32.848333,32,50.9,N,-117.528333,-117,31.7,W,93.3,93.3,30,30,815,NA,35,342,1104,48.8,11.41,33.586,3.766923077,61.81538462,18.10769231,1.424615385,16.33846154,0.230769231,0.177692308,0.640769231,0.275384615,2151.4,4,32.8,-117.5,2011,16.74916667,0.123574732,36,2011-04-16T00:00:00Z,16T00:00:00Z,-117.626666,-117.426666,32.748333,32.948333,16.755,0.126021,-117.526666,32.848333,16.11333333,y,17.31326991,0.530641031,0.078972475,36,2011-04-01T00:00:00Z,01T00:00:00Z,-117.626666,-117.426666,32.748333,32.948333,0.516069025,0.072032073,-117.526666,32.848333,0.641815916,0.523789145
X2011_4_93.3_60,1104_93.3_60,1104_93.3_60,6/28/2019,125,normal,2011-04-09-C-325S,2011,9330600,2,-134.799,4/11/2011,40644,101,12/30/1899 17:57:00,31.851667,31,51.1,N,-119.578333,-119,34.7,W,93.3,93.3,60,60,1860,NA,42,412,1104,21.9,13.88142857,33.30364286,5.496428571,93.75714286,5.057142857,0.587142857,4.042857143,0.075714286,0.034285714,0.223571429,0.092142857,NA,4,31.8,-119.6,2011,15.55444444,0.106030843,36,2011-04-16T00:00:00Z,16T00:00:00Z,-119.671666,-119.471666,31.748333,31.948333,15.57,0.103782,-119.571666,31.848333,15.07722222,y,15.59618687,0.378579488,0.064850325,36,2011-04-01T00:00:00Z,01T00:00:00Z,-119.671666,-119.471666,31.748333,31.948333,0.370490104,0.058297654,-119.571666,31.848333,0.647962809,0.467426973
X2012_4_80_60,1203_80_60,1203_80_60,6/28/2019,125,full,2012-03-25-C-325S,2012,8000600,2,-38.519,4/6/2012,41006,98,12/30/1899 19:42:00,34.151667,34,9.1,N,-121.148333,-121,8.9,W,80,80,60,60,2165,NA,57,562,1203,170.4,10.853,33.6057,5.313333333,84.94444444,14.32222222,1.261111111,14.13333333,0.227777778,0.462222222,1.677777778,0.498888889,NA,3,34.2,-121.1,2012,11.515,0.215578612,30,2012-03-17T00:00:00Z,17T00:00:00Z,-121.248333,-121.048333,34.051666,34.251666,11.515,0.244629,-121.148333,34.151666,11.80716667,y,13.86850613,0.546259255,0.06461648,30,2012-03-01T00:00:00Z,01T00:00:00Z,-121.248333,-121.048333,34.051666,34.251666,0.523833245,0.055421878,-121.148333,34.151666,0.462893309,0.637699823
X2012_3_86.7_50,1203_86.7_50,1203_86.7_50,6/28/2019,125,low_normal,2012-03-25-C-325S,2012,8670500,1,-71.279,3/31/2012,40999,91,12/30/1899 02:28:00,33.321667,33,19.3,N,-119.665,-119,39.9,W,86.7,86.7,50,50,82,NA,31,302,1203,171.9,11.54555556,33.59566667,4.84625,78.7,13.45,1.11125,12.5375,0.18375,0.192857143,2.59625,0.30625,NA,3,33.3,-119.7,2012,12.972,0.20239449,35,2012-03-17T00:00:00Z,17T00:00:00Z,-119.761666,-119.561666,33.225,33.425,12.95,0.177912,-119.661666,33.325,13.08214286,y,14.83719613,0.535549278,0.050506195,36,2012-03-01T00:00:00Z,01T00:00:00Z,-119.761666,-119.561666,33.225,33.425,0.523974985,0.031516089,-119.661666,33.325,0.551861033,1.047607786
X2012_3_93.3_30,1203_93.3_30,1203_93.3_30,6/28/2019,125,low_normal,2012-03-25-C-325S,2012,9330300,1,-15.276,3/25/2012,40993,85,12/30/1899 10:16:00,32.843333,32,50.6,N,-117.533333,-117,32,W,93.3,93.3,30,30,850,NA,3,22,1203,75.9,11.399,33.7077,3.801,62.24,17.55,1.446,16.13,0.189,0.222,0.753,0.212,2121.025,3,32.8,-117.5,2012,14.43694444,0.177985865,36,2012-03-17T00:00:00Z,17T00:00:00Z,-117.626666,-117.426666,32.748333,32.948333,14.47,0.192738,-117.526666,32.848333,15.03069444,y,17.02524492,0.853857454,0.283957693,36,2012-03-01T00:00:00Z,01T00:00:00Z,-117.626666,-117.426666,32.748333,32.948333,0.737017065,0.1877105,-117.526666,32.848333,0.781199315,0.469243617
X2012_3_93.3_60,1203_93.3_60,1203_93.3_60,6/28/2019,125,low_normal,2012-03-25-C-325S,2012,9330600,1,-134.783,3/26/2012,40994,86,12/30/1899 11:00:00,31.845,31,50.7,N,-119.573333,-119,34.4,W,93.3,93.3,60,60,1862,NA,9,82,1203,27,13.64,33.3814,5.609,95.13,4.38,0.497,2.83,0.054,0.047,0.274,0.08,NA,3,31.8,-119.6,2012,14.04055556,0.097568861,36,2012-03-17T00:00:00Z,17T00:00:00Z,-119.671666,-119.471666,31.748333,31.948333,14.025,0.096369,-119.571666,31.848333,14.50930556,y,15.88104552,0.364863892,0.02586873,36,2012-03-01T00:00:00Z,01T00:00:00Z,-119.671666,-119.471666,31.748333,31.948333,0.358239114,0.032630212,-119.571666,31.848333,0.305094046,0.342871198
X2013_4_80_60,1304_80_60,1304_80_60,6/28/2019,125,normal,2013-04-06-C-325S,2013,8000600,2,-39.155,4/20/2013,37366,110,12/30/1899 16:16:07,34.15232,34,9.139,N,-121.16733,-121,10.04,W,80,80,60,60.2,2310,NA,57,648,1304,57.4,11.38992308,33.60643846,5.323166667,86.23916667,10.6,1.0875,11.475,0.168333333,0.799166667,0.604,0.293916667,NA,4,34.2,-121.1,2013,12.69066667,0.111600684,30,2013-04-16T00:00:00Z,16T00:00:00Z,-121.248333,-121.048333,34.051666,34.251666,12.725,0.088956,-121.148333,34.151666,12.36416667,y,14.26680651,0.44597466,0.081799934,30,2013-04-01T00:00:00Z,01T00:00:00Z,-121.248333,-121.048333,34.051666,34.251666,0.416833356,0.087058637,-121.148333,34.151666,0.654336987,0.811514588
X2013_4_86.7_50,1304_86.7_50,1304_86.7_50,6/28/2019,125,normal,2013-04-06-C-325S,2013,8670500,2,-70.967,4/15/2013,37361,105,12/30/1899 12:14:11,33.3245,33,19.47,N,-119.66017,-119,39.61,W,86.7,86.7,50,50,72,NA,35,398,1304,68.1,10.37477778,33.8326,3.478333333,55.6,23.91777778,1.666666667,20.04444444,0.132222222,0.251111111,0.688333333,0.429111111,NA,4,33.3,-119.7,2013,13.38942857,0.313387027,35,2013-04-16T00:00:00Z,16T00:00:00Z,-119.761666,-119.561666,33.225,33.425,13.35,0.385476,-119.661666,33.325,13.22254762,y,15.31469249,1.200972024,0.156301895,35,2013-04-01T00:00:00Z,01T00:00:00Z,-119.761666,-119.561666,33.225,33.425,1.217406869,0.13841263,-119.661666,33.325,1.203775167,1.023247098
X2013_4_93.3_30,1304_93.3_30,1304_93.3_30,6/28/2019,125,normal,2013-04-06-C-325S,2013,9330300,2,-15.601,4/7/2013,37353,97,12/30/1899 07:24:14,32.8385,32,50.31,N,-117.533,-117,31.98,W,93.3,93.3,30,30.1,870,NA,4,36,1304,30.3,11.89377778,33.66676667,4.015888889,66.61888889,15.27777778,1.292222222,14.53333333,0.035555556,NA,0.311444444,0.216111111,2099.4,4,32.8,-117.5,2013,16.02777778,0.428039458,36,2013-04-16T00:00:00Z,16T00:00:00Z,-117.626666,-117.426666,32.748333,32.948333,15.81,0.22239,-117.526666,32.848333,15.77222222,y,18.13455031,0.403701984,0.091924279,36,2013-04-01T00:00:00Z,01T00:00:00Z,-117.626666,-117.426666,32.748333,32.948333,0.371388733,0.071509476,-117.526666,32.848333,0.397249305,0.330481597
X2013_4_93.3_60,1304_93.3_60,1304_93.3_60,6/28/2019,125,normal,2013-04-06-C-325S,2013,9330600,2,-135.193,4/11/2013,37357,101,12/30/1899 15:13:47,31.8475,31,50.85,N,-119.5805,-119,34.83,W,93.3,93.3,60,60.1,1860,NA,22,246,1304,51.2,13.78207692,33.37299231,5.980461538,101.5469231,3.606153846,0.38,0.761538462,0.05,0.068461538,0.547307692,0.156769231,NA,4,31.8,-119.6,2013,14.4725,0.147887506,36,2013-04-16T00:00:00Z,16T00:00:00Z,-119.671666,-119.471666,31.748333,31.948333,14.485,0.170499,-119.571666,31.848333,14.40986111,y,16.26796746,0.328616477,0.014950074,36,2013-04-01T00:00:00Z,01T00:00:00Z,-119.671666,-119.471666,31.748333,31.948333,0.32571654,0.008865484,-119.571666,31.848333,0.310971541,0.359313712
X2014_4_80_60,1404_80_60_J1,1404_80_60,6/28/2019,125,normal,2014-03-28-C-31OS,2014,8000600,2,-38.443,4/13/2014,37359,103,12/30/1899 22:09:40,34.16203,34,9.722,N,-121.15758,-121,9.455,W,80,79.9,60,60,2215,NA,59,702,1404,42.6,12.07327273,33.55174545,4.745888889,78.37111111,12.17,1.114444444,10.91111111,0.117111111,0.44,0.376333333,0.387666667,2062.22,4,34.2,-121.1,2014,14.49066667,0.200016091,30,2014-04-16T00:00:00Z,16T00:00:00Z,-121.248333,-121.048333,34.051666,34.251666,14.54,0.07413,-121.148333,34.151666,14.41516667,y,14.6582,0.443848464,0.062997942,30,2014-04-01T00:00:00Z,01T00:00:00Z,-121.248333,-121.048333,34.051666,34.251666,0.430835426,0.082973564,-121.148333,34.151666,0.563622258,0.849129661
X2014_4_80_60,1404_80_60_J2,1404_80_60,6/28/2019,125,normal,2014-03-28-C-31OS,2014,8000600,2,-38.443,4/13/2014,37359,103,12/30/1899 22:09:40,34.16203,34,9.722,N,-121.15758,-121,9.455,W,80,79.9,60,60,2215,NA,59,702,1404,42.6,12.07327273,33.55174545,4.745888889,78.37111111,12.17,1.114444444,10.91111111,0.117111111,0.44,0.376333333,0.387666667,2062.22,4,34.2,-121.1,2014,14.49066667,0.200016091,30,2014-04-16T00:00:00Z,16T00:00:00Z,-121.248333,-121.048333,34.051666,34.251666,14.54,0.07413,-121.148333,34.151666,14.41516667,y,14.6582,0.443848464,0.062997942,30,2014-04-01T00:00:00Z,01T00:00:00Z,-121.248333,-121.048333,34.051666,34.251666,0.430835426,0.082973564,-121.148333,34.151666,0.563622258,0.849129661
X2014_4_93.3_30,1404_93.3_30,1404_93.3_30,6/28/2019,125,normal_organge,2014-03-28-C-31OS,2014,9330300,2,-15.262,4/2/2014,37348,92,12/30/1899 03:46:34,32.84772,32,50.863,N,-117.53193,-117,31.916,W,93.3,93.3,30,30,857,NA,5,41,1404,31.2,13.06388889,33.48432222,4.806777778,81.09555556,8.97,0.91,8.766666667,0.113444444,0.128888889,0.332333333,0.113333333,2048.505,4,32.8,-117.5,2014,16.79416667,0.372845238,36,2014-04-16T00:00:00Z,16T00:00:00Z,-117.626666,-117.426666,32.748333,32.948333,16.92,0.259455,-117.526666,32.848333,17.14208333,y,18.63810764,0.333230985,0.086167285,36,2014-04-01T00:00:00Z,01T00:00:00Z,-117.626666,-117.426666,32.748333,32.948333,0.31542103,0.095292696,-117.526666,32.848333,0.270881254,0.249675049
X2014_4_93.3_60,1404_93.3_60,1404_93.3_60,6/28/2019,125,normal_organge,2014-03-28-C-31OS,2014,9330600,2,-134.416,4/3/2014,37349,93,12/30/1899 07:16:19,31.84738,31,50.843,N,-119.56267,-119,33.76,W,93.3,93.3,60,59.9,1912,NA,11,115,1404,23.8,13.35733333,33.2983,5.502444444,92.76333333,5,0.58375,3.7875,0.033375,0.03875,0.243125,0.145125,NA,4,31.8,-119.6,2014,15.54666667,0.17103049,36,2014-04-16T00:00:00Z,16T00:00:00Z,-119.671666,-119.471666,31.748333,31.948333,15.585,0.111195,-119.571666,31.848333,15.59097222,y,16.96092274,0.253365895,0.022094288,36,2014-04-01T00:00:00Z,01T00:00:00Z,-119.671666,-119.471666,31.748333,31.948333,0.250425845,0.030029731,-119.571666,31.848333,0.232436826,0.304722205
X2015_4_80_60,1504_80_60,1504_80_60,6/28/2019,100,full_orange,2015-04-04-C-32NM,2015,8000600,2,-38.351,4/16/2015,37362,106,12/30/1899 14:33:35,34.15052,34,9.031,N,-121.14713,-121,8.828,W,80,80,60,60,2180,NA,57,668,1504,176.3,12.6565,33.28401,5.4893,91.413,5.976,0.8,6.566,0.104,0.196,1.7095,0.9818,2027.205,4,34.2,-121.1,2015,15.39566667,0.255527626,30,2015-04-16T00:00:00Z,16T00:00:00Z,-121.248333,-121.048333,34.051666,34.251666,15.42,0.355824,-121.148333,34.151666,15.3985,y,16.41530303,0.277162418,0.079699874,30,2015-04-01T00:00:00Z,01T00:00:00Z,-121.248333,-121.048333,34.051666,34.251666,0.246947825,0.061405754,-121.148333,34.151666,0.284534632,0.42170688
X2015_4_86.7_50,1504_86.7_50,1504_86.7_50,6/28/2019,125,low_normal_orange,2015-04-04-C-32NM,2015,8670500,2,-70.72,4/11/2015,37357,101,12/30/1899 23:07:41,33.32897,33,19.738,N,-119.6576,-119,39.456,W,86.7,86.7,50,49.9,76,NA,38,444,1504,112,12.267875,33.3863875,4.91,80.79714286,10.37,0.998571429,10.29571429,0.100142857,0.105714286,1.446857143,0.579,NA,4,33.3,-119.7,2015,15.42451613,0.567801836,31,2015-04-16T00:00:00Z,16T00:00:00Z,-119.761666,-119.561666,33.225,33.425,15.42,0.385476,-119.661666,33.325,15.80240092,y,16.77605209,0.898661923,0.130137962,36,2015-04-01T00:00:00Z,01T00:00:00Z,-119.761666,-119.561666,33.225,33.425,0.897187948,0.104000749,-119.661666,33.325,0.668573045,0.46205939
X2015_4_93.3_30,1504_93.3_30,1504_93.3_30,6/28/2019,125,normal_orange,2015-04-04-C-32NM,2015,9330300,2,-15.617,4/5/2015,37351,95,12/30/1899 05:13:33,32.84228,32,50.537,N,-117.53622,-117,32.173,W,93.3,93.3,30,30.1,874,NA,5,44,1504,29.9,12.60977778,33.39784444,4.811777778,80.54888889,10.40777778,1.008888889,10.01222222,0.057444444,0.01,0.320888889,0.240666667,2051.93,4,32.8,-117.5,2015,18.10833333,0.146823509,36,2015-04-16T00:00:00Z,16T00:00:00Z,-117.626666,-117.426666,32.748333,32.948333,18.1,0.177912,-117.526666,32.848333,18.01875,y,19.57430556,0.267967793,0.047620151,36,2015-04-01T00:00:00Z,01T00:00:00Z,-117.626666,-117.426666,32.748333,32.948333,0.262946874,0.036846084,-117.526666,32.848333,0.228788923,0.188867875
X2015_4_93.3_60,1504_93.3_60,1504_93.3_60,6/28/2019,125,low_normal_orange,2015-04-04-C-32NM,2015,9330600,2,-134.659,4/6/2015,37352,96,12/30/1899 06:26:11,31.84518,31,50.711,N,-119.56667,-119,34,W,93.3,93.3,60,60,1845,NA,11,114,1504,24.9,15.2265,33.29664,5.5881,97.721,3.216,0.473,1.583,0.0462,0.001,0.2103,0.1387,NA,4,31.8,-119.6,2015,16.62472222,0.231646111,36,2015-04-16T00:00:00Z,16T00:00:00Z,-119.671666,-119.471666,31.748333,31.948333,16.64,0.207564,-119.571666,31.848333,16.76430556,y,17.75031746,0.157446243,0.013220553,36,2015-04-01T00:00:00Z,01T00:00:00Z,-119.671666,-119.471666,31.748333,31.948333,0.151730075,0.006460322,-119.571666,31.848333,0.142767383,0.164246124
X2016_4_86.7_50,1604_86.7_50_J1,1604_86.7_50,7/1/2019,125,full,2016-04-01-C-325S,2016,8670500,2,-71.068,4/9/2016,37355,99,12/30/1899 03:06:12,33.31567,33,18.94,N,-119.65623,-119,39.374,W,86.7,86.7,50,50,76,NA,42,514,1604,165.2,13.19444444,33.48128889,6.18875,103.8725,2.65875,0.635,3.36625,0.13875,1.01,2.919375,1.543125,NA,4,33.3,-119.7,2016,14.78970588,0.391256603,34,2016-04-16T00:00:00Z,16T00:00:00Z,-119.761666,-119.561666,33.225,33.425,14.84,0.415128,-119.661666,33.325,14.81128151,y,16.9316106,0.728526754,0.153190831,36,2016-04-01T00:00:00Z,01T00:00:00Z,-119.761666,-119.561666,33.225,33.425,0.728860319,0.188377118,-119.661666,33.325,0.822008782,0.556089822
X2016_4_86.7_50,1604_86.7_50_J2,1604_86.7_50,7/1/2019,125,full,2016-04-01-C-325S,2016,8670500,2,-71.068,4/9/2016,37355,99,12/30/1899 03:06:12,33.31567,33,18.94,N,-119.65623,-119,39.374,W,86.7,86.7,50,50,76,NA,42,514,1604,165.2,13.19444444,33.48128889,6.18875,103.8725,2.65875,0.635,3.36625,0.13875,1.01,2.919375,1.543125,NA,4,33.3,-119.7,2016,14.78970588,0.391256603,34,2016-04-16T00:00:00Z,16T00:00:00Z,-119.761666,-119.561666,33.225,33.425,14.84,0.415128,-119.661666,33.325,14.81128151,y,16.9316106,0.728526754,0.153190831,36,2016-04-01T00:00:00Z,01T00:00:00Z,-119.761666,-119.561666,33.225,33.425,0.728860319,0.188377118,-119.661666,33.325,0.822008782,0.556089822
X2016_4_93.3_30,1604_93.3_30,1604_93.3_30,7/1/2019,125,normal,2016-04-01-C-325S,2016,9330300,2,-15.44,4/2/2016,37348,92,12/30/1899 05:36:55,32.84232,32,50.539,N,-117.53212,-117,31.927,W,93.3,93.3,30,30,875,NA,5,43,1604,35.7,13.42777778,33.50824444,4.551777778,77.31222222,8.982222222,0.956666667,8.904444444,0.084555556,0.488888889,0.380666667,0.220555556,NA,4,32.8,-117.5,2016,17.74027778,0.155223086,36,2016-04-16T00:00:00Z,16T00:00:00Z,-117.626666,-117.426666,32.748333,32.948333,17.745,0.200151,-117.526666,32.848333,17.40013889,y,19.7060959,0.23979694,0.036218943,36,2016-04-01T00:00:00Z,01T00:00:00Z,-117.626666,-117.426666,32.748333,32.948333,0.228684872,0.027435954,-117.526666,32.848333,0.244959274,0.273472616
X2016_4_93.3_60,1604_93.3_60,1604_93.3_60,7/1/2019,125,normal,2016-04-01-C-325S,2016,9330600,2,-134.948,4/3/2016,37349,93,12/30/1899 05:32:33,31.84073,31,50.444,N,-119.57013,-119,34.208,W,93.3,93.3,60,60,1807,NA,11,119,1604,33.4,14.47225,33.36140833,5.514916667,95.175,3.763333333,0.505,2.410833333,0.018,0.05,0.327583333,0.148833333,NA,4,31.8,-119.6,2016,16.50944444,0.288106572,36,2016-04-16T00:00:00Z,16T00:00:00Z,-119.671666,-119.471666,31.748333,31.948333,16.45,0.22239,-119.571666,31.848333,16.16208333,y,18.24736652,0.252892184,0.027120267,36,2016-04-01T00:00:00Z,01T00:00:00Z,-119.671666,-119.471666,31.748333,31.948333,0.257203311,0.033243731,-119.571666,31.848333,0.245044286,0.196184933
X2017_4_80_60,1704_80_60,1704_80_60,7/1/2019,125,normal_organge,2017-03-29-C-325S,2017,8000600,2,-38.645,4/11/2017,37357,101,12/30/1899 01:07:31,34.14817,34,8.89,N,-121.15233,-121,9.14,W,80,80,60,60,2177,NA,63,807,1704,39.3,12.02227273,33.41943636,5.0409,82.778,10.256,0.929,10.171,0.1517,0.084,0.413,0.3311,NA,4,34.2,-121.1,2017,12.96266667,0.110763287,30,2017-04-16T00:00:00Z,16T00:00:00Z,-121.248333,-121.048333,34.051666,34.251666,12.96,0.111195,-121.148333,34.151666,13.13233333,y,14.97752778,0.732565427,0.176090328,30,2017-04-01T00:00:00Z,01T00:00:00Z,-121.248333,-121.048333,34.051666,34.251666,0.699494302,0.131915458,-121.148333,34.151666,0.726909034,0.78599206
X2017_4_86.7_50,1704_86.7_50,1704_86.7_50,7/1/2019,125,low,2017-03-29-C-325S,2017,8670500,2,-70.991,4/6/2017,37352,96,12/30/1899 05:12:30,33.32372,33,19.423,N,-119.66018,-119,39.611,W,86.7,86.7,50,50,79,NA,39,497,1704,50.3,12.38025,33.44885,4.953142857,81.86285714,11.11571429,0.991428571,10.81714286,0.195285714,0.314285714,0.658285714,0.239142857,NA,4,33.3,-119.7,2017,14.01606061,0.288421777,33,2017-04-16T00:00:00Z,16T00:00:00Z,-119.761666,-119.561666,33.225,33.425,13.95,0.281694,-119.661666,33.325,13.9360303,y,15.85671821,1.140490164,0.148230755,35,2017-04-01T00:00:00Z,01T00:00:00Z,-119.761666,-119.561666,33.225,33.425,1.1669029,0.147593196,-119.661666,33.325,0.881471869,0.836089403
X2017_3_93.3_60,1704_93.3_60,1704_93.3_60,7/1/2019,125,low,2017-03-29-C-325S,2017,9330600,1,-134.959,3/30/2017,37345,89,12/30/1899 14:34:40,31.84467,31,50.68,N,-119.57317,-119,34.39,W,93.3,93.3,60,60,1771,NA,11,123,1704,47.5,14.32636364,33.31139091,5.512,94.82454545,3.409090909,0.445454545,2.555454545,0.060363636,0,0.493090909,0.199545455,NA,4,31.8,-119.6,2017,15.03944444,0.081273592,36,2017-04-16T00:00:00Z,16T00:00:00Z,-119.671666,-119.471666,31.748333,31.948333,15.045,0.07413,-119.571666,31.848333,15.11652778,y,16.98057026,0.389404115,0.029574534,36,2017-04-01T00:00:00Z,01T00:00:00Z,-119.671666,-119.471666,31.748333,31.948333,0.389199033,0.028277423,-119.571666,31.848333,0.32580836,0.250375401
X2018_4_80_60,1804_80_60,1804_80_60,7/1/2019,125,normal,2018-04-05-C-325S,2018,8000600,2,-39.153,4/18/2018,37364,108,12/30/1899 07:36:46,34.14462,34,8.677,N,-121.1617,-121,9.702,W,80,80,60,60.2,2222,NA,63,822,1804,330.5,12.74111111,33.51831111,5.96,99.14555556,3.321111111,0.5,4.1,0.182333333,0.413333333,3.603222222,0.888444444,NA,4,34.2,-121.1,2018,13.612,0.346384279,30,2018-04-16T00:00:00Z,16T00:00:00Z,-121.248333,-121.048333,34.051666,34.251666,13.655,0.318759,-121.148333,34.151666,13.71133333,y,15.292125,0.596528608,0.125511472,30,2018-04-01T00:00:00Z,01T00:00:00Z,-121.248333,-121.048333,34.051666,34.251666,0.603783786,0.125394426,-121.148333,34.151666,0.511681453,0.646788285
X2018_4_86.7_50,1804_86.7_50,1804_86.7_50,7/1/2019,125,low,2018-04-05-C-325S,2018,8670500,2,-71.306,4/12/2018,37358,102,12/30/1899 15:35:02,33.31112,33,18.667,N,-119.6585,-119,39.51,W,86.7,86.8,50,50,74,NA,39,509,1804,141.7,12.8748,33.55043,5.56725,92.845,6.73625,0.63,5.58375,0.1665,0.07875,2.351125,0.655125,NA,4,33.3,-119.7,2018,13.33055556,0.338171085,36,2018-04-16T00:00:00Z,16T00:00:00Z,-119.761666,-119.561666,33.225,33.425,13.3,0.340998,-119.661666,33.325,13.56436869,y,15.98864344,1.078482798,0.129029492,35,2018-04-01T00:00:00Z,01T00:00:00Z,-119.761666,-119.561666,33.225,33.425,1.094657063,0.106711892,-119.661666,33.325,0.826590947,0.711313171
X2018_4_86.7_50,1804_86.7_50_CN,1804_86.7_50,7/1/2019,125,low,2018-04-05-C-325S,2018,8670500,2,-71.306,4/12/2018,37358,102,12/30/1899 15:35:02,33.31112,33,18.667,N,-119.6585,-119,39.51,W,86.7,86.8,50,50,74,NA,39,509,1804,141.7,12.8748,33.55043,5.56725,92.845,6.73625,0.63,5.58375,0.1665,0.07875,2.351125,0.655125,NA,4,33.3,-119.7,2018,13.33055556,0.338171085,36,2018-04-16T00:00:00Z,16T00:00:00Z,-119.761666,-119.561666,33.225,33.425,13.3,0.340998,-119.661666,33.325,13.56436869,y,15.98864344,1.078482798,0.129029492,35,2018-04-01T00:00:00Z,01T00:00:00Z,-119.761666,-119.561666,33.225,33.425,1.094657063,0.106711892,-119.661666,33.325,0.826590947,0.711313171
X2018_4_93.3_30,1804_93.3_30,1804_93.3_30,7/1/2019,125,low_normal_orange,2018-04-05-C-325S,2018,9330300,2,-14.93,4/6/2018,37352,96,12/30/1899 05:56:25,32.84637,32,50.782,N,-117.5232,-117,31.392,W,93.3,93.3,30,29.9,827,NA,5,41,1804,28.8,12.813,33.57794444,4.460666667,75.13111111,9.945555556,0.937777778,10.32666667,0.033666667,0,0.306555556,0.208666667,NA,4,32.8,-117.5,2018,16.28888889,0.243307892,36,2018-04-16T00:00:00Z,16T00:00:00Z,-117.626666,-117.426666,32.748333,32.948333,16.335,0.214977,-117.526666,32.848333,15.85263889,y,18.74397788,0.307385327,0.065871233,36,2018-04-01T00:00:00Z,01T00:00:00Z,-117.626666,-117.426666,32.748333,32.948333,0.281310529,0.024381241,-117.526666,32.848333,0.345255312,0.357432141
X2018_4_93.3_60,1804_93.3_60,1804_93.3_60,7/1/2019,125,low_normal_orange,2018-04-05-C-325S,2018,9330600,2,-134.868,4/7/2018,37353,97,12/30/1899 05:23:20,31.84667,31,50.8,N,-119.5725,-119,34.35,W,93.3,93.3,60,60,1899,NA,11,120,1804,25.4,15.09333333,33.55637778,5.641,98.57888889,2.612222222,0.301111111,1.163333333,0.028666667,NA,0.217777778,0.135111111,NA,4,31.8,-119.6,2018,14.78527778,0.336515643,36,2018-04-16T00:00:00Z,16T00:00:00Z,-119.671666,-119.471666,31.748333,31.948333,14.695,0.44478,-119.571666,31.848333,15.17430556,y,16.89245556,0.188787416,0.028789339,36,2018-04-01T00:00:00Z,01T00:00:00Z,-119.671666,-119.471666,31.748333,31.948333,0.194900192,0.032171518,-119.571666,31.848333,0.186144662,0.252263713
X2019_4_80_60,1904_80_60_J1,1904_80_60,7/1/2019,125,full,2019-04-02-C-33RL,2019,8000600,2,-38.709,4/15/2019,37361,105,12/30/1899 16:04:56,34.14882,34,8.929,N,-121.15433,-121,9.26,W,80,80,60,60.1,2223,NA,58,634,1904,79.6,12.44675,33.52025,5.3146875,87.72725,8.183571429,0.784285714,7.96,0.2035,0.182142857,0.908785714,0.374357143,NA,4,34.2,-121.1,2019,13.76233333,0.325127915,30,2019-04-16T00:00:00Z,16T00:00:00Z,-121.248333,-121.048333,34.051666,34.251666,13.76,0.333585,-121.148333,34.151666,14.00816667,y,15.48436111,0.513610088,0.079935862,30,2019-04-01T00:00:00Z,01T00:00:00Z,-121.248333,-121.048333,34.051666,34.251666,0.506075501,0.100258131,-121.148333,34.151666,0.410212641,0.550517765
X2019_4_80_60,1904_80_60_J2,1904_80_60,7/1/2019,125,full,2019-04-02-C-33RL,2019,8000600,2,-38.709,4/15/2019,37361,105,12/30/1899 16:04:56,34.14882,34,8.929,N,-121.15433,-121,9.26,W,80,80,60,60.1,2223,NA,58,634,1904,79.6,12.44675,33.52025,5.3146875,87.72725,8.183571429,0.784285714,7.96,0.2035,0.182142857,0.908785714,0.374357143,NA,4,34.2,-121.1,2019,13.76233333,0.325127915,30,2019-04-16T00:00:00Z,16T00:00:00Z,-121.248333,-121.048333,34.051666,34.251666,13.76,0.333585,-121.148333,34.151666,14.00816667,y,15.48436111,0.513610088,0.079935862,30,2019-04-01T00:00:00Z,01T00:00:00Z,-121.248333,-121.048333,34.051666,34.251666,0.506075501,0.100258131,-121.148333,34.151666,0.410212641,0.550517765
X2019_4_86.7_50,1904_86.7_50,1904_86.7_50,7/1/2019,125,low,2019-04-02-C-33RL,2019,8670500,2,-71.284,4/8/2019,37354,98,12/30/1899 23:20:54,33.32117,33,19.27,N,-119.66517,-119,39.91,W,86.7,86.7,50,50,72,NA,32,371,1904,50.5,13.07883333,33.59661667,5.322,89.50333333,6.248333333,0.626666667,5.725,0.206666667,0.183333333,0.761833333,0.479333333,NA,4,33.3,-119.7,2019,14.242,0.410235227,35,2019-04-16T00:00:00Z,16T00:00:00Z,-119.761666,-119.561666,33.225,33.425,14.27,0.29652,-119.661666,33.325,14.35058333,y,16.16225728,0.582012293,0.081504401,36,2019-04-01T00:00:00Z,01T00:00:00Z,-119.761666,-119.561666,33.225,33.425,0.597490698,0.075766009,-119.661666,33.325,0.471362484,0.61225311
X2019_4_93.3_30,1904_93.3_30,1904_93.3_30,7/1/2019,125,normal_organge,2019-04-02-C-33RL,2019,9330300,2,-15.171,4/3/2019,37349,93,12/30/1899 04:22:46,32.845,32,50.7,N,-117.52782,-117,31.669,W,93.3,93.3,30,30,822,NA,4,33,1904,37.5,13.0152,33.61407,5.0269,84.671,7.269,0.709,6.93,0.0881,0.107,0.3844,0.2283,NA,4,32.8,-117.5,2019,16.85527778,0.092039933,36,2019-04-16T00:00:00Z,16T00:00:00Z,-117.626666,-117.426666,32.748333,32.948333,16.875,0.103782,-117.526666,32.848333,16.14791667,y,18.75865741,0.351912479,0.118998202,36,2019-04-01T00:00:00Z,01T00:00:00Z,-117.626666,-117.426666,32.748333,32.948333,0.33756119,0.138929306,-117.526666,32.848333,0.299539533,0.299184102
X2019_4_93.3_60,1904_93.3_60,1904_93.3_60,7/1/2019,125,low_orange,2019-04-02-C-33RL,2019,9330600,2,-134.943,4/4/2019,37350,94,12/30/1899 04:18:11,31.84682,31,50.809,N,-119.57432,-119,34.459,W,93.3,93.3,60,60,1874,NA,10,99,1904,40.8,13.85877778,33.64433333,5.202555556,89.04888889,5.106666667,0.558888889,4.708888889,0.044777778,0.121111111,0.437222222,0.257777778,NA,4,31.8,-119.6,2019,15.73472222,0.515627142,36,2019-04-16T00:00:00Z,16T00:00:00Z,-119.671666,-119.471666,31.748333,31.948333,15.83,0.59304,-119.571666,31.848333,15.72625,y,17.17333862,0.177738525,0.015894903,36,2019-04-01T00:00:00Z,01T00:00:00Z,-119.671666,-119.471666,31.748333,31.948333,0.175654486,0.014343299,-119.571666,31.848333,0.222215519,0.265884242
X1996_4_80_60,9604_80_60,9604_80_60,6/25/2019,125,normal,1996-04-15-C-31JD,1996,8000600,2,-38.29,4/28/1996,35183,119,12/30/1899 10:40:00,34.151666,34,9.1,N,-121.148333,-121,8.9,W,80,80,60,60,4181,NA,53,522,9604,44.1,11.7475,33.34791667,5.123636364,83.82727273,9.836363636,0.957272727,9.3,0.161818182,NA,0.479090909,0.283636364,NA,4,34.2,-121.1,1996,13.78033333,0.39509478,30,1996-04-16T00:00:00Z,16T00:00:00Z,-121.248333,-121.048333,34.051666,34.251666,13.685,0.177912,-121.148333,34.151666,14.17616667,y,14.57662037,NA,NA,NA,NA,NA,NA,NA,NA,NA,NA,NA,NA,NA,NA,NA
X1996_4_86.7_50,9604_86.7_50,9604_86.7_50,6/25/2019,125,normal,1996-04-15-C-31JD,1996,8670500,2,-70.91,4/23/1996,35178,114,12/30/1899 13:09:00,33.325,33,19.5,N,-119.661666,-119,39.7,W,86.7,86.7,50,50,78,NA,32,312,9604,61.7,10.51333333,33.76644444,3.663333333,58.43333333,22.32222222,1.615555556,19.13333333,0.168888889,NA,1.74,0.99,NA,4,33.3,-119.7,1996,14.20166667,0.43842259,30,1996-04-16T00:00:00Z,16T00:00:00Z,-119.761666,-119.561666,33.225,33.425,14.25,0.111195,-119.661666,33.325,14.15783333,y,15.17834196,NA,NA,NA,NA,NA,NA,NA,NA,NA,NA,NA,NA,NA,NA,NA
X1996_4_93.3_30,9604_93.3_30,9604_93.3_30,6/24/2019,125,normal,1996-04-15-C-31JD,1996,9330300,2,-14.53,4/16/1996,35171,107,12/30/1899 01:52:00,32.848333,32,50.9,N,-117.526666,-117,31.6,W,93.3,93.3,30,29.9,827,NA,3,22,9604,41.3,13.17333333,33.58844444,4.591111111,77.91111111,10.74444444,0.882222222,9.455555556,0.053333333,NA,0.444444444,0.273333333,NA,4,32.8,-117.5,1996,17.39888889,0.128636315,36,1996-04-16T00:00:00Z,16T00:00:00Z,-117.626666,-117.426666,32.748333,32.948333,17.375,0.111195,-117.526666,32.848333,16.69694444,y,18.45034959,NA,NA,NA,NA,NA,NA,NA,NA,NA,NA,NA,NA,NA,NA,NA
X1996_4_93.3_60,9604_93.3_60,9604_93.3_60,6/25/2019,125,normal,1996-04-15-C-31JD,1996,9330600,2,-134.28,4/17/1996,35172,108,12/30/1899 06:32:00,31.848333,31,50.9,N,-119.571666,-119,34.3,W,93.3,93.3,60,60,1857,NA,9,82,9604,34.8,13.62363636,33.33772727,5.649090909,95.74545455,5.527272727,0.487272727,2.7,0.04,NA,0.317272727,0.241818182,NA,4,31.8,-119.6,1996,15.8725,0.201116526,36,1996-04-16T00:00:00Z,16T00:00:00Z,-119.671666,-119.471666,31.748333,31.948333,15.855,0.229803,-119.571666,31.848333,15.62958333,y,16.6108057,NA,NA,NA,NA,NA,NA,NA,NA,NA,NA,NA,NA,NA,NA,NA
X1998_4_80_60,9804_80_60,9804_80_60,6/25/2019,125,low_normal,1998-04-02-C-31JD,1998,8000600,2,-38.15,4/15/1998,35900,105,12/30/1899 10:50:00,34.151666,34,9.1,N,-121.145,-121,8.7,W,80,80,60,59.9,2154,NA,54,532,9804,48.8,13.78916667,33.25208333,5.495,93.36666667,4.325,0.4975,3,0.065,NA,0.465,0.24,NA,4,34.2,-121.1,1998,14.08533333,0.157671272,30,1998-04-16T00:00:00Z,16T00:00:00Z,-121.248333,-121.048333,34.051666,34.251666,14.11,0.118608,-121.148333,34.151666,14.34833333,y,16.20735714,0.458050465,0.186242012,30,1998-04-01T00:00:00Z,01T00:00:00Z,-121.248333,-121.048333,34.051666,34.251666,0.394075021,0.190734052,-121.148333,34.151666,0.376399686,0.327247008
X1998_4_86.7_50,9804_86.7_50,9804_86.7_50,6/25/2019,125,crust,1998-04-02-C-31JD,1998,8670500,2,-71.03,4/10/1998,35895,100,12/30/1899 06:41:00,33.323333,33,19.4,N,-119.663333,-119,39.8,W,86.7,86.7,50,50,79,NA,33,322,9804,45.4,13.83142857,33.32,5.607142857,95.31428571,4.414285714,0.491428571,2.342857143,0.071428571,NA,0.652857143,0.404285714,NA,4,33.3,-119.7,1998,14.84290323,0.163670269,31,1998-04-16T00:00:00Z,16T00:00:00Z,-119.761666,-119.561666,33.225,33.425,14.93,0.088956,-119.661666,33.325,14.75445161,y,16.74242783,0.536857405,0.09501066,36,1998-04-01T00:00:00Z,01T00:00:00Z,-119.761666,-119.561666,33.225,33.425,0.530917108,0.115163981,-119.661666,33.325,0.498029542,0.363190561
X1998_4_93.3_30,9804_93.3_30,9804_93.3_30,6/26/2019,125,crust,1998-04-02-C-31JD,1998,9330300,2,-14.61,4/3/1998,35888,93,12/30/1899 05:37:00,32.848333,32,50.9,N,-117.528333,-117,31.7,W,93.3,93.3,30,30,836,NA,3,22,9804,66.4,13.77818182,33.70790909,4.365454545,74.97272727,9.709090909,0.946363636,9.072727273,0.023636364,NA,0.602727273,0.295454545,NA,4,32.8,-117.5,1998,16.65555556,0.077439172,36,1998-04-16T00:00:00Z,16T00:00:00Z,-117.626666,-117.426666,32.748333,32.948333,16.645,0.088956,-117.526666,32.848333,16.79402778,y,19.36061632,0.37210173,0.045584985,36,1998-04-01T00:00:00Z,01T00:00:00Z,-117.626666,-117.426666,32.748333,32.948333,0.361106262,0.028724839,-117.526666,32.848333,0.341767367,0.28435329
X1998_4_93.3_60,9804_93.3_60,9804_93.3_60,6/25/2019,125,low_normal,1998-04-02-C-31JD,1998,9330600,2,-134.33,4/4/1998,35889,94,12/30/1899 09:53:00,31.846666,31,50.8,N,-119.571666,-119,34.3,W,93.3,93.3,60,60,1818,NA,9,82,9804,28.5,15.175,33.38916667,5.8075,101.45,2.15,0.29,0.008333333,0.005833333,NA,0.215833333,0.0825,NA,4,31.8,-119.6,1998,15.6325,0.046004658,36,1998-04-16T00:00:00Z,16T00:00:00Z,-119.671666,-119.471666,31.748333,31.948333,15.63,0.051891,-119.571666,31.848333,15.75208333,y,17.53563461,0.128818197,0.008943195,36,1998-04-01T00:00:00Z,01T00:00:00Z,-119.671666,-119.471666,31.748333,31.948333,0.128685966,0.00794509,-119.571666,31.848333,0.141291172,0.158767247
X1999_4_80_60,9904_80_60,9904_80_60,6/26/2019,125,low_normal,1999-04-01-C-31JD,1999,8000600,2,-38.17,4/13/1999,36263,103,12/30/1899 07:03:00,34.153333,34,9.2,N,-121.146666,-121,8.8,W,80,80,60,59.9,2159,NA,54,532,9904,364.1,9.975555556,33.91188889,4.156666667,65.61111111,25.68888889,1.712222222,20.73333333,0.19,NA,3.36,0.754444444,NA,4,34.2,-121.1,1999,11.439,0.286950074,30,1999-04-16T00:00:00Z,16T00:00:00Z,-121.248333,-121.048333,34.051666,34.251666,11.485,0.340998,-121.148333,34.151666,11.80733333,y,14.31861015,0.887518738,0.177455365,30,1999-04-01T00:00:00Z,01T00:00:00Z,-121.248333,-121.048333,34.051666,34.251666,0.848019332,0.217259609,-121.148333,34.151666,0.791737536,0.598030308
X1999_4_86.7_50,9904_86.7_50,9904_86.7_50,6/26/2019,125,low_normal,1999-04-01-C-31JD,1999,8670500,2,-70.98,4/8/1999,36258,98,12/30/1899 18:25:00,33.325,33,19.5,N,-119.663333,-119,39.8,W,86.7,86.7,50,50,75,NA,33,322,9904,175.9,11.57727273,33.74145455,5.139090909,83.76363636,14.55454545,1.073636364,11.62727273,0.141818182,NA,2.787272727,0.482727273,NA,4,33.3,-119.7,1999,12.20558824,0.434289327,34,1999-04-16T00:00:00Z,16T00:00:00Z,-119.761666,-119.561666,33.225,33.425,12.11,0.214977,-119.661666,33.325,12.47485294,y,15.26069923,0.993029444,0.12155885,36,1999-04-01T00:00:00Z,01T00:00:00Z,-119.761666,-119.561666,33.225,33.425,0.988025516,0.127884644,-119.661666,33.325,0.725476044,0.60373722
X1999_4_93.3_30,9904_93.3_30,9904_93.3_30,6/26/2019,125,low,1999-04-01-C-31JD,1999,9330300,2,-14.77,4/2/1999,36252,92,12/30/1899 02:19:00,32.845,32,50.7,N,-117.53,-117,31.8,W,93.3,93.3,30,30,849,NA,3,22,9904,49.4,12.405,33.61225,5.019090909,83.79090909,9.990909091,0.843636364,8.063636364,0.067272727,NA,0.59,0.239090909,NA,4,32.8,-117.5,1999,13.86666667,0.315703297,36,1999-04-16T00:00:00Z,16T00:00:00Z,-117.626666,-117.426666,32.748333,32.948333,13.78,0.170499,-117.526666,32.848333,14.05208333,y,17.56356481,0.522456493,0.092395306,36,1999-04-01T00:00:00Z,01T00:00:00Z,-117.626666,-117.426666,32.748333,32.948333,0.521690011,0.085436586,-117.526666,32.848333,0.399187298,0.303799232
X1999_4_93.3_60,9904_93.3_60,9904_93.3_60,6/26/2019,125,low_normal,1999-04-01-C-31JD,1999,9330600,2,-134.08,4/3/1999,36253,93,12/30/1899 04:20:00,31.85,31,51,N,-119.568333,-119,34.1,W,93.3,93.3,60,59.9,1915,NA,9,82,9904,36.2,12.82636364,33.38709091,5.66,94.33636364,6.163636364,0.589090909,3.954545455,0.057272727,NA,0.348181818,0.148181818,NA,4,31.8,-119.6,1999,13.565,0.197708299,36,1999-04-16T00:00:00Z,16T00:00:00Z,-119.671666,-119.471666,31.748333,31.948333,13.58,0.192738,-119.571666,31.848333,13.51430556,y,16.13683201,0.411468758,0.038829012,36,1999-04-01T00:00:00Z,01T00:00:00Z,-119.671666,-119.471666,31.748333,31.948333,0.413738117,0.040450325,-119.571666,31.848333,0.340239626,0.246497277
