Jar,Conc.copies.uL.,Copies.20uLWell,Positives
0004_80_60,0.725060225,NA,12
0004_80_60,0.725060225,14.50120449,12
0004_80_60,3.646466255,NA,60
0004_80_60,3.646466255,72.92932129,60
0004_86.7_50,1.116372585,22.32745171,18
0004_86.7_50,1.116372585,NA,18
0004_86.7_50,5.607713223,NA,88
0004_86.7_50,5.607713223,112.1542664,88
0004_93.3_30,1.792945147,35.85890198,30
0004_93.3_30,1.792945147,NA,30
0004_93.3_30,18.00099373,360.0198669,287
0004_93.3_30,18.00099373,NA,287
0004_93.3_60,0.457478225,NA,7
0004_93.3_60,0.457478225,9.149564743,7
0004_93.3_60,0.56508261,NA,9
0004_93.3_60,0.56508261,11.30165195,9
0104_80_60,4.018746853,NA,61
0104_80_60,4.018746853,80.37493896,61
0104_80_60,33.53526688,NA,524
0104_80_60,33.53526688,670.7053223,524
9604_86.7_50,2.403287649,NA,39
9604_86.7_50,2.403287649,48.06575394,39
9604_86.7_50,11.97083759,NA,199
9604_86.7_50,11.97083759,239.416748,199
9604_93.3_30,0.184366077,NA,3
9604_93.3_30,0.184366077,3.687321663,3
9604_93.3_30,1.021685362,NA,17
9604_93.3_30,1.021685362,20.43370819,17
9604_93.3_60,0.362455636,7.249112606,6
9604_93.3_60,0.362455636,NA,6
9604_93.3_60,2.807952642,56.1590538,46
9604_93.3_60,2.807952642,NA,46
9804_80_60,0.119003706,2.380074024,2
9804_80_60,0.119003706,NA,2
9804_80_60,0.522914529,NA,9
9804_80_60,0.522914529,10.4582901,9
9804_86.7_50,0.253919095,NA,4
9804_86.7_50,0.253919095,5.078382015,4
9804_86.7_50,0.407388657,NA,6
9804_86.7_50,0.407388657,8.147772789,6
9804_93.3_30,0.356290311,NA,6
9804_93.3_30,0.356290311,7.125806332,6
9804_93.3_30,0.433174342,NA,7
9804_93.3_30,0.433174342,8.663486481,7
9804_93.3_60,0.295484275,NA,5
9804_93.3_60,0.295484275,5.909685612,5
9804_93.3_60,0.541417718,NA,9
9804_93.3_60,0.541417718,10.82835388,9
9900_93.3_30,0.41103512,NA,7
9900_93.3_30,0.41103512,8.220702171,7
9900_93.3_30,2.755129814,NA,45
9900_93.3_30,2.755129814,55.10259628,45
9901_80_60,2.126641989,NA,34
9901_80_60,2.126641989,42.53284073,34
9901_80_60,26.6285038,NA,435
9901_80_60,26.6285038,532.5700684,435
9904_86.7_50,0.455731392,NA,8
9904_86.7_50,0.455731392,9.114627838,8
9904_86.7_50,0.597884476,NA,9
9904_86.7_50,0.597884476,11.95768929,9
9904_93.3_60_60,0.192176193,NA,3
9904_93.3_60_60,0.192176193,3.843523979,3
9904_93.3_60_60,0.715288401,NA,12
9904_93.3_60_60,0.715288401,14.30576801,12
0104_86.7_50,0.74214637,14.8429279,11
0104_86.7_50,0.74214637,NA,11
0104_86.7_50,2.41853571,48.3707123,33
0104_86.7_50,2.41853571,NA,33
0104_93.3_30,0.45153353,9.03067017,6
0104_93.3_30,0.45153353,NA,6
0104_93.3_30,0.74270004,14.8540011,11
0104_93.3_30,0.74270004,NA,11
0104_93.3_60,0.2267458,4.53491592,3
0104_93.3_60,0.2267458,NA,3
0104_93.3_60,0.33879641,6.77592802,5
0104_93.3_60,0.33879641,NA,5
0204_80_60,0.92696309,18.5392609,15
0204_80_60,0.92696309,NA,15
0204_80_60,9.75028324,195.005661,143
0204_80_60,9.75028324,NA,143
0204_86.7_50,0.34907001,6.98140049,5
0204_86.7_50,0.34907001,NA,5
0204_86.7_50,1.48279727,29.6559448,23
0204_86.7_50,1.48279727,NA,23
0204_93.3_30,0.48430088,9.68601799,7
0204_93.3_30,0.48430088,NA,7
0204_93.3_30,0.75347167,15.0694332,10
0204_93.3_30,0.75347167,NA,10
0204_93.3_60,2.00067926,40.0135841,28
0204_93.3_60,2.00067926,NA,28
0204_93.3_60,23.4541225,469.082459,296
0204_93.3_60,23.4541225,NA,296
0304_80_60,0.90047503,18.0095005,14
0304_80_60,0.90047503,NA,14
0304_80_60,5.41331911,108.26638,82
0304_80_60,5.41331911,NA,82
0304_86.7_50,1.43210077,28.6420155,20
0304_86.7_50,1.43210077,NA,20
0304_86.7_50,17.2887878,345.775757,253
0304_86.7_50,17.2887878,NA,253
0304_93.3_30,2.60660625,52.1321259,38
0304_93.3_30,2.60660625,NA,38
0304_93.3_30,11.7407885,234.815765,132
0304_93.3_30,11.7407885,NA,132
0304_93.3_60,0.83925247,16.7850494,13
0304_93.3_60,0.83925247,NA,13
0304_93.3_60,5.92648506,118.529701,90
0304_93.3_60,5.92648506,NA,90
0404_80_60,0.40150297,8.03005981,6
0404_80_60,0.40150297,NA,6
0404_80_60,1.13620639,22.7241287,16
0404_80_60,1.13620639,NA,16
0404_86.7_50,0.46718448,9.34368992,7
0404_86.7_50,0.46021369,9.20427418,7
0404_86.7_50,0.46718448,NA,7
0404_86.7_50,0.46021369,NA,7
0404_93.3_30,0.49317566,9.86351299,7
0404_93.3_30,0.46083176,9.21663475,7
0404_93.3_30,0.49317566,NA,7
0404_93.3_30,0.46083176,NA,7
0404_93.3_60,0.60434097,12.0868197,10
0404_93.3_60,0.60434097,NA,10
0404_93.3_60,6.11288643,122.257729,95
0404_93.3_60,6.11288643,NA,95
0504_80_60,3.74986219,74.9972458,59
0504_80_60,3.74986219,NA,59
0504_80_60,31.1876049,623.752075,423
0504_80_60,31.1876049,NA,423
0504_86.7_50,0.18546081,3.70921612,3
0504_86.7_50,0.18546081,NA,3
0504_86.7_50,0.34605128,6.92102528,5
0504_86.7_50,0.34605128,NA,5
0504_93.3_30,0.73535681,14.7071362,11
0504_93.3_30,0.73535681,NA,11
0504_93.3_30,2.15413594,43.0827179,31
0504_93.3_30,2.15413594,NA,31
0504_93.3_60,0.26341352,5.26827049,4
0504_93.3_60,0.26341352,NA,4
0504_93.3_60,0.34246519,6.84930372,5
0504_93.3_60,0.34246519,NA,5
0604_80_60,0.50083894,10.016779,8
0604_80_60,0.50083894,NA,8
0604_80_60,3.24898148,64.9796295,43
0604_80_60,3.24898148,NA,43
0604_86.7_50,0.31845561,6.36911202,5
0604_86.7_50,0.31845561,NA,5
0604_86.7_50,0.88380921,17.6761837,11
0604_86.7_50,0.88380921,NA,11
0604_93.3_30,1.08456934,21.6913872,17
0604_93.3_30,1.08456934,NA,17
0604_93.3_30,8.28279495,165.655899,117
0604_93.3_30,8.28279495,NA,117
0604_93.3_60,0.75844246,15.168849,12
0604_93.3_60,0.75844246,NA,12
0604_93.3_60,6.20378685,124.075737,87
0604_93.3_60,6.20378685,NA,87
0704_80_60,1.44320047,28.8640099,22
0704_80_60,1.44320047,NA,22
0704_80_60,17.2271614,344.543213,251
0704_80_60,17.2271614,NA,251
0704_80_60_J2,NA,43.82308578,17429
0704_80_60_J2,NA,5.592048645,16548
0704_80_60_J2,NA,NA,16548
0704_80_60_J2,NA,NA,17429
0704_86.7_50,NA,0.329653949,17046
0704_86.7_50,NA,2.309805155,15346
0704_86.7_50,NA,NA,15346
0704_86.7_50,NA,NA,17046
0704_93.3_60,NA,0.831612289,15371
0704_93.3_60,NA,0.195117801,18066
0704_93.3_60,NA,NA,15371
0704_93.3_60,NA,NA,18066
0804_86.7_50,NA,NA,16515
0804_86.7_50,NA,6.397840023,16515
0804_86.7_50,NA,53.06406021,16526
0804_86.7_50,NA,NA,16526
0804_93.3_30,NA,0.219423264,16065
0804_93.3_30,NA,0.753251553,16970
0804_93.3_30,NA,NA,16970
0804_93.3_30,NA,NA,16065
0804_93.3_60,NA,0.656204581,16909
0804_93.3_60,NA,NA,16909
0804_93.3_60,NA,0.201694116,17477
0804_93.3_60,NA,NA,17477
0903_86.7_50J1,NA,0.340542763,16501
0903_86.7_50J1,NA,0.205432341,17159
0903_86.7_50J1,NA,NA,17159
0903_86.7_50J1,NA,NA,16501
0903_86.7_50J2,NA,0.223528266,15770
0903_86.7_50J2,NA,NA,15770
0903_86.7_50J2,NA,0.206976458,17031
0903_86.7_50J2,NA,NA,17031
0903_86.7_50J3,NA,NA,16360
0903_86.7_50J3,NA,NA,16242
0903_86.7_50J3,NA,0.217031837,16242
0903_86.7_50J3,NA,0.215466306,16360
0903_93.3_30,NA,NA,16592
0903_93.3_30,NA,1.36367631,17419
0903_93.3_30,NA,NA,17419
0903_93.3_30,NA,5.973551273,16592
0903_93.3_60,NA,NA,16427
0903_93.3_60,NA,0.195323229,18047
0903_93.3_60,NA,NA,18047
0903_93.3_60,NA,0.342076957,16427
1004_93.3_30,NA,NA,16427
1004_93.3_30,NA,2.997120619,16974
1004_93.3_30,NA,NA,16974
1004_93.3_30,NA,20.57320023,16427
1304_80_60,NA,3.754751921,17186
1304_80_60,NA,23.09963608,16060
1304_80_60,NA,NA,16060
1304_80_60,NA,NA,17186
1604_93.3_60,NA,NA,16306
1604_93.3_60,NA,NA,16295
1604_93.3_60,NA,0.783925712,16306
1604_93.3_60,NA,0.216325864,16295
9804_80_60,NA,0.227642685,15485
9804_80_60,NA,NA,15485
9804_80_60,NA,NA,17149
9804_80_60,NA,0.327673823,17149