,sample,ST_ID,Date_extracted,Batch,Volume_mL,Notes,PCR_name,Cst_Cnt,Cruise_ID,Cruise,Cruz_Sta,DbSta_ID,Cast_ID,Sta_ID,Quarter,Sta_Code,Distance,Date,Julian_Date,Julian_Day,Time.x,Lat_Dec,Lat_Deg,Lat_Min,Lat_Hem,Lon_Dec,Lon_Deg,Lon_Min,Lon_Hem,Rpt_Line,Ac_Line,Rpt_Sta,Ac_Sta,Bottom_D,Secchi,ForelU,Ship_Name,Ship_Code,Data_Type,Order_Occ,Event_Num,Cruz_Leg,Orig_Sta_ID,Data_Or,Cruz_Num,IntChl,IntC14,Inc_Str,Inc_End,PST_LAN,Civil_T,TimeZone,Wave_Dir,Wave_Ht,Wave_Prd,Wind_Dir,Wind_Spd,Barometer,Dry_T,Wet_T,Wea,Cloud_Typ,Cloud_Amt,Visibility,mean_100_T,mean_100_Salinity,mean_100_O2,mean_100_O2_sat,mean_100_silicate,mean_100_PO4,mean_100_NO3,mean_100_NO2,mean_100_NH3,mean_100_CHLa,mean_100_Phaeo,mean_100_DIC1,mean_100_TA1,mean_100_LightP,mean_100_pH1,Month,round_Lat,round_Lon,Year,mean_sst,stdev_sst,n.x,satellite_date.x,Time.y,lon_min.x,lon_max.x,lat_min.x,lat_max.x,median_sst,mad_sst,lon.x,lat.x,two_month_sst,y.x,annual_sst,mean_chla,stdev_chla,n.y,satellite_date.y,Time,lon_min.y,lon_max.y,lat_min.y,lat_max.y,median_chla,mad_chla,lon.y,lat.y,two_month_chla,y.y,annual_chla
1,X2000_4_80_60,0004_80_60,6/26/19,4,125,low_normal,Miu_1_a_13,29458,2000-04-07-C-31JD,200004,2.00E+13,8000600,20-0004JD-MX-110-2121-08000600,080.0 060.0,2,ST,-38.75,4/19/00,36635,110,12/30/1899 21:21:00,34.148333,34,8.9,N,-121.156666,-121,9.4,W,80,80,60,60.1,2220,14,NA,RV DAVID STARR JORDAN,31JD,MX,54,532,NA,80   60,3101,4,92.3,NA,,,,,NA,32,3,8,32,12,1022.1,15.8,13.8,1,0,1,8,11.76090909,33.63618182,4.620909091,76.18181818,14.62727273,1.177272727,12.72727273,0.161818182,NA,0.898181818,0.576363636,NA,NA,NA,NA,4,34.2,-121.1,2000,12.58566667,0.284455721,30,2000-04-16T00:00:00Z,16T00:00:00Z,-121.248333,-121.048333,34.051666,34.251666,12.645,0.311346,-121.148333,34.151666,12.80133333,y,14.27561027,0.651430275,0.108028554,30,2000-04-01T00:00:00Z,01T00:00:00Z,-121.248333,-121.048333,34.051666,34.251666,0.662421674,0.135111177,-121.148333,34.151666,0.712794688,y,0.615785958
2,X2000_4_86.7_50,0004_86.7_50,6/26/19,4,125,low_normal,Miu_1_a_14,29437,2000-04-07-C-31JD,200004,2.00E+13,8670500,20-0004JD-MX-106-0223-08670500,086.7 050.0,2,ST,-71.17,4/15/00,36631,106,12/30/1899 02:23:00,33.323333,33,19.4,N,-119.666666,-119,40,W,86.7,86.7,50,50,84,NA,NA,RV DAVID STARR JORDAN,31JD,MX,33,322,NA,87   50,3101,4,67.8,NA,,,,,NA,29,2,9,28,14,1014.9,14.5,12.3,1,6,3,7,10.72571429,33.77085714,3.941428571,63.22857143,19.51428571,1.531428571,18.18571429,0.19,NA,0.854285714,0.69,NA,NA,NA,NA,4,33.3,-119.7,2000,13.76361111,0.261393549,36,2000-04-16T00:00:00Z,16T00:00:00Z,-119.761666,-119.561666,33.225,33.425,13.775,0.274281,-119.661666,33.325,13.38327614,y,14.47504419,0.569950453,0.095125609,36,2000-04-01T00:00:00Z,01T00:00:00Z,-119.761666,-119.561666,33.225,33.425,0.598871291,0.092689453,-119.661666,33.325,0.612306316,y,0.620880859
3,X2000_4_93.3_30,0004_93.3_30,6/26/19,4,125,low_normal,Miu_1_a_15,29407,2000-04-07-C-31JD,200004,2.00E+13,9330300,20-0004JD-MX-099-0341-09330300,093.3 030.0,2,ST,-15.11,4/8/00,36624,99,12/30/1899 03:41:00,32.846666,32,50.8,N,-117.538333,-117,32.3,W,93.3,93.3,30,30.1,859,NA,NA,RV DAVID STARR JORDAN,31JD,MX,3,22,NA,93   30,3101,4,29.8,NA,,,,,NA,NA,NA,NA,30,9,1018.7,15.4,13.5,NA,NA,NA,NA,12.54,33.6359,4.71,78.82,11.64,1.008,10.71,0.154,NA,0.313,0.165,NA,NA,NA,NA,4,32.8,-117.5,2000,16.60694444,0.198736285,36,2000-04-16T00:00:00Z,16T00:00:00Z,-117.626666,-117.426666,32.748333,32.948333,16.565,0.103782,-117.526666,32.848333,15.92819444,y,17.30505184,0.230655376,0.036260807,36,2000-04-01T00:00:00Z,01T00:00:00Z,-117.626666,-117.426666,32.748333,32.948333,0.220411144,0.030872183,-117.526666,32.848333,0.251952596,y,0.305155023
4,X2000_4_93.3_60,0004_93.3_60,6/26/19,4,125,low_normal,Miu_1_a_16,29413,2000-04-07-C-31JD,200004,2.00E+13,9330600,20-0004JD-MX-100-0612-09330600,093.3 060.0,2,ST,-134.08,4/9/00,36625,100,12/30/1899 06:12:00,31.85,31,51,N,-119.568333,-119,34.1,W,93.3,93.3,60,59.9,1870,NA,NA,RV DAVID STARR JORDAN,31JD,MX,9,82,NA,93   60,3101,4,39.2,NA,,,,,NA,NA,NA,NA,32,16,1019,14.1,12.4,NA,NA,NA,NA,14.13727273,33.40309091,5.88,100.6636364,2.872727273,0.409090909,1.236363636,0.027272727,NA,0.340909091,0.146363636,NA,NA,NA,NA,4,31.8,-119.6,2000,15.55972222,0.123090817,36,2000-04-16T00:00:00Z,16T00:00:00Z,-119.671666,-119.471666,31.748333,31.948333,15.615,0.103782,-119.571666,31.848333,15.03013889,y,15.98715278,0.28059399,0.012125403,36,2000-04-01T00:00:00Z,01T00:00:00Z,-119.671666,-119.471666,31.748333,31.948333,0.281448558,0.010103722,-119.571666,31.848333,0.275555423,y,0.260697094
5,X2001_4_80_60,0104_80_60,6/26/19,5,75,full,Miu_1_a_17,29722,2001-04-05-C-31JD,200104,2.00E+13,8000600,20-0104JD-MX-110-0933-08000600,080.0 060.0,2,ST,-39.06,4/20/01,37000,110,12/30/1899 09:33:00,34.145,34,8.7,N,-121.161666,-121,9.7,W,80,80,60,60.2,2265,NA,NA,RV DAVID STARR JORDAN,31JD,MX,54,532,NA,80   60,3101,104,76.3,NA,,,,,NA,NA,NA,NA,30,10,1016.8,12.9,11.8,NA,NA,NA,NA,11.49833333,33.35275,5.656666667,91.825,7.866666667,0.793333333,7.1,0.1,NA,0.706666667,0.261666667,NA,NA,NA,NA,4,34.2,-121.1,2001,12.29233333,0.131874636,30,2001-04-16T00:00:00Z,16T00:00:00Z,-121.248333,-121.048333,34.051666,34.251666,12.335,0.118608,-121.148333,34.151666,12.48383333,y,14.29201533,0.970887705,0.13811915,30,2001-04-01T00:00:00Z,01T00:00:00Z,-121.248333,-121.048333,34.051666,34.251666,0.982656032,0.133267914,-121.148333,34.151666,0.760484863,y,0.65256688
6,X2001_4_86.7_50,0104_86.7_50,6/26/19,5,125,normal,Miu_1_a_18,29701,2001-04-05-C-31JD,200104,2.00E+13,8670500,20-0104JD-MX-104-1240-08670500,086.7 050.0,2,ST,-70.98,4/14/01,36994,104,12/30/1899 12:40:00,33.32,33,19.2,N,-119.66,-119,39.6,W,86.7,86.7,50,50,79,NA,NA,RV DAVID STARR JORDAN,31JD,MX,33,322,NA,87   50,3101,104,204.2,NA,,,,,NA,NA,NA,NA,31,25,1016.3,12.1,10.4,NA,NA,NA,NA,11.27333333,33.67533333,5.032222222,81.48888889,12.9,1.098888889,11.52222222,0.133333333,NA,3.086666667,0.973333333,NA,NA,NA,NA,4,33.3,-119.7,2001,12.50354839,0.127267393,31,2001-04-16T00:00:00Z,16T00:00:00Z,-119.761666,-119.561666,33.225,33.425,12.52,0.088956,-119.661666,33.325,12.98483871,y,15.17069835,1.299313676,0.137439141,36,2001-04-01T00:00:00Z,01T00:00:00Z,-119.761666,-119.561666,33.225,33.425,1.302862704,0.105661881,-119.661666,33.325,0.917131673,y,0.740547796
7,X2001_4_93.3_30,0104_93.3_30,6/26/19,4,125,low_normal,Miu_1_a_19,29671,2001-04-05-C-31JD,200104,2.00E+13,9330300,20-0104JD-MX-097-0136-09330300,093.3 030.0,2,ST,-14.85,4/7/01,36987,97,12/30/1899 01:36:00,32.845,32,50.7,N,-117.531666,-117,31.9,W,93.3,93.3,30,30,859,NA,NA,RV DAVID STARR JORDAN,31JD,MX,3,22,NA,93   30,3101,104,29.1,NA,,,,,NA,25,3,7,25,7,1017.8,13.9,10.8,1,6,6,7,12.23307692,33.60707692,4.686923077,77.83846154,11.82307692,0.989230769,10.48461538,0.051538462,NA,0.318461538,0.177692308,NA,NA,NA,NA,4,32.8,-117.5,2001,15.80861111,0.177476804,36,2001-04-16T00:00:00Z,16T00:00:00Z,-117.626666,-117.426666,32.748333,32.948333,15.815,0.207564,-117.526666,32.848333,15.51541667,y,17.77913955,0.244194251,0.084161794,36,2001-04-01T00:00:00Z,01T00:00:00Z,-117.626666,-117.426666,32.748333,32.948333,0.215673126,0.037922605,-117.526666,32.848333,0.240024598,y,0.254921758
8,X2001_4_93.3_60,0104_93.3_60,6/26/19,4,125,low_normal,Miu_1_a_20,29677,2001-04-05-C-31JD,200104,2.00E+13,9330600,20-0104JD-MX-098-0345-09330600,093.3 060.0,2,ST,-133.93,4/8/01,36988,98,12/30/1899 03:45:00,31.855,31,51.3,N,-119.568333,-119,34.1,W,93.3,93.3,60,59.9,2011,NA,NA,RV DAVID STARR JORDAN,31JD,MX,9,82,NA,93   60,3101,104,26.1,NA,,,,,NA,NA,NA,NA,32,15,1018.8,12,9.5,NA,NA,NA,NA,13.1575,33.34133333,5.813333333,97.5,4.775,0.474166667,2.216666667,0.073333333,NA,0.240833333,0.088333333,NA,NA,NA,NA,4,31.8,-119.6,2001,14.61972222,0.225356684,36,2001-04-16T00:00:00Z,16T00:00:00Z,-119.671666,-119.471666,31.748333,31.948333,14.64,0.29652,-119.571666,31.848333,14.55416667,y,16.25399422,0.159486776,0.008873415,36,2001-04-01T00:00:00Z,01T00:00:00Z,-119.671666,-119.471666,31.748333,31.948333,0.159897655,0.01037642,-119.571666,31.848333,0.182017615,y,0.22411884
9,X2002_4_80_60,0204_80_60,6/26/19,5,75,full,Miu_1_a_21,29986,2002-03-28-C-31JD,200204,2.00E+13,8000600,20-0204JD-MX-099-0949-08000600,080.0 060.0,2,ST,-38.73,4/9/02,37355,99,12/30/1899 09:49:00,34.146666,34,8.8,N,-121.155,-121,9.3,W,80,80,60,60.1,2210,NA,NA,RV DAVID STARR JORDAN,31JD,MX,54,532,NA,80   60,3101,204,58.5,NA,,,,,NA,NA,NA,NA,33,4,1020.1,13.4,11.8,NA,NA,NA,NA,11.167,33.5881,4.784,77.41,13.39,1.195,12.88,0.154,NA,0.39,0.244,NA,NA,NA,NA,4,34.2,-121.1,2002,13.00366667,0.516022476,30,2002-04-16T00:00:00Z,16T00:00:00Z,-121.248333,-121.048333,34.051666,34.251666,12.9,0.355824,-121.148333,34.151666,13.00766667,y,14.32467214,0.749748284,0.091140462,30,2002-04-01T00:00:00Z,01T00:00:00Z,-121.248333,-121.048333,34.051666,34.251666,0.728660941,0.087089367,-121.148333,34.151666,0.623369942,y,0.658230678
10,X2002_4_86.7_50,0204_86.7_50,6/26/19,5,125,full,Miu_1_a_22,29965,2002-03-28-C-31JD,200204,2.00E+13,8670500,20-0204JD-MX-094-1238-08670500,086.7 050.0,2,ST,-70.74,4/4/02,37350,94,12/30/1899 12:38:00,33.323333,33,19.4,N,-119.656666,-119,39.4,W,86.7,86.7,50,49.9,77,NA,NA,RV DAVID STARR JORDAN,31JD,MX,33,322,NA,87   50,3101,204,40,NA,,,,,NA,NA,NA,NA,0,0,1017.4,13.2,10.9,NA,NA,NA,NA,11.78875,33.55025,5.3475,87.3,8.4,0.94625,8.2375,0.1925,NA,0.53875,0.5675,NA,NA,NA,NA,4,33.3,-119.7,2002,13.37166667,0.384941405,30,2002-04-16T00:00:00Z,16T00:00:00Z,-119.761666,-119.561666,33.225,33.425,13.47,0.326172,-119.661666,33.325,13.67069048,y,14.90376171,1.37461251,0.192692513,36,2002-04-01T00:00:00Z,01T00:00:00Z,-119.761666,-119.561666,33.225,33.425,1.396894157,0.191878596,-119.661666,33.325,1.167217592,y,0.737718314
11,X2002_3_93.3_30,0204_93.3_30,6/26/19,5,125,full,Miu_1_a_23,29935,2002-03-28-C-31JD,200204,2.00E+13,9330300,20-0204JD-MX-088-0059-09330300,093.3 030.0,1,ST,-14.76,3/29/02,37344,88,12/30/1899 00:59:00,32.848333,32,50.9,N,-117.531666,-117,31.9,W,93.3,93.3,30,30,846,NA,NA,RV DAVID STARR JORDAN,31JD,MX,3,22,NA,93   30,3101,204,72.7,NA,,,,,NA,0,0,NA,24,4,1014.1,14.5,11.5,1,6,7,8,11.98,33.59077778,4.707777778,77.57777778,10.11111111,1.013333333,10.25555556,0.067777778,NA,0.704444444,0.388888889,NA,NA,NA,NA,3,32.8,-117.5,2002,16.03861111,0.102487707,36,2002-04-16T00:00:00Z,16T00:00:00Z,-117.626666,-117.426666,32.748333,32.948333,16.03,0.096369,-117.526666,32.848333,15.49625,y,17.5994213,0.406840686,0.089929459,36,2002-04-01T00:00:00Z,01T00:00:00Z,-117.626666,-117.426666,32.748333,32.948333,0.399150208,0.074543832,-117.526666,32.848333,0.435881338,y,0.309077445
12,X2002_3_93.3_60,0204_93.3_60,6/26/19,5,125,full,Miu_1_a_24,29941,2002-03-28-C-31JD,200204,2.00E+13,9330600,20-0204JD-MX-089-0347-09330600,093.3 060.0,1,ST,-134.33,3/30/02,37345,89,12/30/1899 03:47:00,31.846666,31,50.8,N,-119.571666,-119,34.3,W,93.3,93.3,60,60,1875,NA,NA,RV DAVID STARR JORDAN,31JD,MX,9,82,NA,93   60,3101,204,44.9,NA,,,,,NA,NA,NA,NA,29,12,1019.3,13,11.5,NA,NA,NA,NA,13.176,33.537,5.925,99.46,4.38,0.595,3.12,0.115,NA,0.435,0.166,NA,NA,NA,NA,3,31.8,-119.6,2002,13.78136364,0.324261732,22,2002-04-16T00:00:00Z,16T00:00:00Z,-119.671666,-119.471666,31.748333,31.948333,13.775,0.274281,-119.571666,31.848333,14.30040404,y,16.01387247,0.400016414,0.018829418,36,2002-04-01T00:00:00Z,01T00:00:00Z,-119.671666,-119.471666,31.748333,31.948333,0.399118587,0.020834716,-119.571666,31.848333,0.322319394,y,0.229528526
13,X2003_4_80_60,0304_80_60,6/26/19,6,125,normal,Miu_1_a_25,30259,2003-04-03-C-33RR,200304,2.00E+13,8000600,20-0304RR-PR-106-1756-08000600,080.0 060.0,2,ST,-37.4,4/16/03,37727,106,12/30/1899 17:56:00,34.155,34,9.3,N,-121.13,-121,7.8,W,80,80,60,59.7,2086,6,NA,RV ROGER REVELLE,33RR,PR,55,542,NA,80   60,3101,304,297,844.3,12/30/1899 12:03:00,12/30/1899 19:02:00,12/30/1899 12:05:00,12/30/1899 19:03:00,8,9,3,7,13,7,1017,13.3,12.3,1,8,2,8,10.92066667,33.49986667,5.002666667,80.46666667,14.17333333,1.330666667,14.15333333,0.243333333,NA,3.786,1.176,NA,NA,0.036,NA,4,34.2,-121.1,2003,12.74,0.135875196,30,2003-04-16T00:00:00Z,16T00:00:00Z,-121.248333,-121.048333,34.051666,34.251666,12.72,0.081543,-121.148333,34.151666,13.0285,y,14.77673793,1.449787883,0.246628047,30,2003-04-01T00:00:00Z,01T00:00:00Z,-121.248333,-121.048333,34.051666,34.251666,1.416970789,0.350831648,-121.148333,34.151666,1.062346106,y,0.849700522
14,X2003_4_86.7_50,0304_86.7_50,6/26/19,6,125,normal,Miu_1_a_26,30238,2003-04-03-C-33RR,200304,2.00E+13,8670500,20-0304RR-MX-101-1500-08670500,086.7 050.0,2,ST,-71.03,4/11/03,37722,101,12/30/1899 15:00:00,33.323333,33,19.4,N,-119.663333,-119,39.8,W,86.7,86.7,50,50,85,5,NA,RV ROGER REVELLE,33RR,MX,34,332,NA,87   50,3101,304,185.6,NA,,,,,NA,33,2,5,32,10,1016.9,12.7,12.1,1,7,5,8,11.02909091,33.47109091,4.858181818,78.14545455,13.33636364,1.319090909,14.42727273,0.240909091,NA,2.170909091,0.931818182,NA,NA,NA,NA,4,33.3,-119.7,2003,12.620625,0.119702252,32,2003-04-16T00:00:00Z,16T00:00:00Z,-119.761666,-119.561666,33.225,33.425,12.61,0.133434,-119.661666,33.325,12.98642361,y,14.92613777,1.020773104,0.105714993,36,2003-04-01T00:00:00Z,01T00:00:00Z,-119.761666,-119.561666,33.225,33.425,1.014168739,0.063143171,-119.661666,33.325,0.874164281,y,0.757943775
15,X2003_4_93.3_30,0304_93.3_30,6/26/19,6,125,normal,Miu_1_a_27,30312,2003-04-03-C-33RR,200304,2.00E+13,9330300,20-0304RR-MX-095-2021-09330300,093.3 030.0,2,ST,-14.8,4/24/03,37735,114,12/30/1899 20:21:00,32.846666,32,50.8,N,-117.531666,-117,31.9,W,93.3,93.3,30,30,856,NA,NA,RV ROGER REVELLE,33RR,MX,308,3072,NA,93   30,3101,304,60,NA,,,,,NA,32,3,6,30,11,1015.9,16.5,12.2,1,8,1,8,11.513,33.532,4.15,67.77,14.04,1.336,14.37,0.242,NA,0.641,0.47,NA,NA,NA,NA,4,32.8,-117.5,2003,15.40055556,0.148784493,36,2003-04-16T00:00:00Z,16T00:00:00Z,-117.626666,-117.426666,32.748333,32.948333,15.43,0.103782,-117.526666,32.848333,15.40680556,y,17.6044213,0.452764659,0.161679486,36,2003-04-01T00:00:00Z,01T00:00:00Z,-117.626666,-117.426666,32.748333,32.948333,0.362535506,0.047241548,-117.526666,32.848333,0.418532121,y,0.308964598
16,X2003_4_93.3_60,0304_93.3_60,6/26/19,6,125,normal,Miu_1_a_28,30301,2003-04-03-C-33RR,200304,2.00E+13,9330600,20-0304RR-MX-113-1702-09330600,093.3 060.0,2,ST,-134.33,4/23/03,37734,113,12/30/1899 17:02:00,31.846666,31,50.8,N,-119.571666,-119,34.3,W,93.3,93.3,60,60,1879,NA,NA,RV ROGER REVELLE,33RR,MX,297,2962,NA,93   60,3101,304,53.8,NA,,,,,NA,32,5,6,32,11,1017.4,14.9,12.1,1,6,6,8,12.21166667,33.35183333,5.035,83.26666667,9.216666667,1.036666667,9.958333333,0.15,NA,0.508333333,0.273333333,NA,NA,NA,NA,4,31.8,-119.6,2003,14.6975,0.111056614,36,2003-04-16T00:00:00Z,16T00:00:00Z,-119.671666,-119.471666,31.748333,31.948333,14.69,0.133434,-119.571666,31.848333,14.79597222,y,16.48171652,0.33498614,0.021816859,36,2003-04-01T00:00:00Z,01T00:00:00Z,-119.671666,-119.471666,31.748333,31.948333,0.342558622,0.023422605,-119.571666,31.848333,0.280141428,y,0.236310384
17,X2004_4_80_60,0404_80_60,6/27/19,7,125,low_normal,Miu_1_a_29,30558,2004-03-23-C-32NM,200404,2.00E+13,8000600,20-0404NM-MX-095-1205-08000600,080.0 060.0,2,ST,-38.46,4/4/04,38081,95,12/30/1899 12:05:00,34.153333,34,9.2,N,-121.153333,-121,9.2,W,80,80,60,60,2207,NA,NA,RV NEW HORIZON,32NM,MX,50,492,NA,80   60,3101,404,505.5,NA,,,,,NA,NA,NA,NA,33,11,1015,13,12,NA,NA,NA,NA,11.021,33.4987,4.751,76.41,14.04,1.311,15.4,0.19,NA,4.946,1.119,NA,NA,NA,NA,4,34.2,-121.1,2004,13.25166667,0.278085615,30,2004-04-16T00:00:00Z,16T00:00:00Z,-121.248333,-121.048333,34.051666,34.251666,13.305,0.303933,-121.148333,34.151666,13.16316667,y,14.51392019,1.16009568,0.170242716,30,2004-04-01T00:00:00Z,01T00:00:00Z,-121.248333,-121.048333,34.051666,34.251666,1.15391171,0.15411551,-121.148333,34.151666,1.11407179,y,0.912641618
18,X2004_3_86.7_50,0404_86.7_50,6/27/19,7,125,low_normal,Miu_1_a_30,30541,2004-03-23-C-32NM,200404,2.00E+13,8670500,20-0404NM-MX-090-1509-08670500,086.7 050.0,1,ST,-70.95,3/30/04,38076,90,12/30/1899 15:09:00,33.323333,33,19.4,N,-119.661666,-119,39.7,W,86.7,86.7,50,50,81,10,NA,RV NEW HORIZON,32NM,MX,33,322,NA,87   50,3101,404,51.1,NA,,,,,NA,31,5,5,31,17,1013.7,14,13.1,1,4,6,7,10.91375,33.466375,4.29375,69.2,15.125,1.25,15.075,0.09125,NA,0.54875,0.34625,NA,NA,NA,NA,3,33.3,-119.7,2004,13.733125,0.379910325,32,2004-04-16T00:00:00Z,16T00:00:00Z,-119.761666,-119.561666,33.225,33.425,13.82,0.244629,-119.661666,33.325,13.60674107,y,14.85485452,1.3810787,0.124294177,36,2004-04-01T00:00:00Z,01T00:00:00Z,-119.761666,-119.561666,33.225,33.425,1.384114981,0.122690044,-119.661666,33.325,1.083561062,y,0.931980022
19,X2004_3_93.3_30,0404_93.3_30,6/26/19,6,125,low,Miu_1_a_31,30511,2004-03-23-C-32NM,200404,2.00E+13,9330300,20-0404NM-MX-084-0148-09330300,093.3 030.0,1,ST,-14.8,3/24/04,38070,84,12/30/1899 01:48:00,32.846666,32,50.8,N,-117.531666,-117,31.9,W,93.3,93.3,30,30,854,NA,NA,RV NEW HORIZON,32NM,MX,3,22,NA,93   30,3101,404,47.1,NA,,,,,NA,28,3,6,28,5,1013.3,15.9,14.2,2,6,8,6,11.79444444,33.43288889,4.295555556,70.67777778,12.21111111,1.148888889,12.8,0.096666667,NA,0.484444444,0.298888889,NA,NA,NA,NA,3,32.8,-117.5,2004,17.05166667,0.280188712,36,2004-04-16T00:00:00Z,16T00:00:00Z,-117.626666,-117.426666,32.748333,32.948333,17.06,0.289107,-117.526666,32.848333,16.42402778,y,17.99115932,0.340900285,0.063192141,36,2004-04-01T00:00:00Z,01T00:00:00Z,-117.626666,-117.426666,32.748333,32.948333,0.324562863,0.036961793,-117.526666,32.848333,0.332672807,y,0.579413863
20,X2004_3_93.3_60,0404_93.3_60,6/26/19,6,125,low_normal,Miu_1_a_32,30517,2004-03-23-C-32NM,200404,2.00E+13,9330600,20-0404NM-MX-085-0221-09330600,093.3 060.0,1,ST,-134.47,3/25/04,38071,85,12/30/1899 02:21:00,31.846666,31,50.8,N,-119.575,-119,34.5,W,93.3,93.3,60,60,1902,NA,NA,RV NEW HORIZON,32NM,MX,9,82,NA,93   60,3101,404,36.1,NA,,,,,NA,32,8,8,32,18,1016.8,14.9,13.8,1,2,4,6,12.665,33.113,5.4475,90.56666667,5.608333333,0.71,5.825,0.088333333,NA,0.396666667,0.256666667,NA,NA,NA,NA,3,31.8,-119.6,2004,14.55722222,0.349935595,36,2004-04-16T00:00:00Z,16T00:00:00Z,-119.671666,-119.471666,31.748333,31.948333,14.485,0.407715,-119.571666,31.848333,14.4175,y,16.68267677,0.281780755,0.02634923,36,2004-04-01T00:00:00Z,01T00:00:00Z,-119.671666,-119.471666,31.748333,31.948333,0.292043656,0.023275955,-119.571666,31.848333,0.286932171,y,0.272263131
21,X2005_4_80_60,0504_80_60,6/27/19,7,125,low_normal,Miu_1_a_33,30809,2005-04-15-C-32NM,200504,2.01E+13,8000600,20-0504NM-PR-117-1841-08000600,080.0 060.0,2,ST,-38.743,4/27/05,38469,117,12/30/1899 18:41:00,34.146667,34,8.8,N,-121.15,-121,9,W,80,80,60,60,2180,11,NA,RV NEW HORIZON,32NM,PR,62,612,NA,80.0 60.0,3101,504,119,455.9,12/30/1899 12:05:00,12/30/1899 19:15:00,12/30/1899 12:02:00,12/30/1899 19:16:00,8,19,3,8,20,18,1015.1,14,13,6,6,8,5,11.75533333,33.33926667,5.419333333,88.38666667,8.573333333,0.982,8.353333333,0.124666667,NA,1.186,1.081333333,NA,NA,0.071428571,NA,4,34.2,-121.1,2005,13.289,0.552738324,30,2005-04-16T00:00:00Z,16T00:00:00Z,-121.248333,-121.048333,34.051666,34.251666,13.09,0.252042,-121.148333,34.151666,13.85366667,y,14.87336325,1.293640413,0.118640379,30,2005-04-01T00:00:00Z,01T00:00:00Z,-121.248333,-121.048333,34.051666,34.251666,1.322040021,0.083768163,-121.148333,34.151666,0.814465336,y,0.900005239
22,X2005_4_86.7_50,0504_86.7_50,6/27/19,7,125,low,Miu_1_a_34,30833,2005-04-15-C-32NM,200504,2.01E+13,8670500,20-0504NM-MX-116-1245-08670500,086.7 050.0,2,ST,-71.279,4/26/05,38468,116,12/30/1899 12:45:00,33.321667,33,19.3,N,-119.665,-119,39.9,W,86.7,86.7,50,50,84,NA,NA,RV NEW HORIZON,32NM,MX,53,522,NA,86.7 50.0,3101,504,102.4,NA,,,,,NA,NA,NA,NA,31,20,1014.7,13.4,12.1,NA,NA,NA,NA,13.09181818,33.17545455,5.774545455,96.68181818,3.436363636,0.571818182,3.072727273,0.048181818,NA,1.393636364,0.841818182,NA,NA,NA,NA,4,33.3,-119.7,2005,13.36361111,0.46143969,36,2005-04-16T00:00:00Z,16T00:00:00Z,-119.761666,-119.561666,33.225,33.425,13.265,0.511497,-119.661666,33.325,14.01621732,y,15.51651292,0.981352642,0.194577407,36,2005-04-01T00:00:00Z,01T00:00:00Z,-119.761666,-119.561666,33.225,33.425,0.978053123,0.22843866,-119.661666,33.325,0.685129378,y,0.707212256
23,X2005_4_93.3_30,0504_93.3_30,6/27/19,7,125,normal_orange,Miu_1_a_35,30859,2005-04-15-C-32NM,200504,2.01E+13,9330300,20-0504NM-MX-106-0532-09330300,093.3 030.0,2,ST,-15.569,4/16/05,38458,106,12/30/1899 05:32:00,32.843333,32,50.6,N,-117.54,-117,32.4,W,93.3,93.3,30,30.1,872,NA,NA,RV NEW HORIZON,32NM,MX,5,42,NA,93.3 30.0,3101,504,74.9,NA,,,,,NA,NA,NA,NA,2,2,1012,15.9,14.5,NA,NA,NA,NA,11.08545455,33.56863636,3.790909091,61.35454545,15.28181818,1.468181818,16.5,0.075454545,NA,0.63,0.268181818,NA,NA,NA,NA,4,32.8,-117.5,2005,16.88657143,0.685964083,35,2005-04-16T00:00:00Z,16T00:00:00Z,-117.626666,-117.426666,32.748333,32.948333,16.91,0.711648,-117.526666,32.848333,16.51742857,y,18.37479836,0.571995415,0.207827741,36,2005-04-01T00:00:00Z,01T00:00:00Z,-117.626666,-117.426666,32.748333,32.948333,0.51807797,0.198230709,-117.526666,32.848333,0.477373978,y,0.35194586
24,X2005_4_93.3_60,0504_93.3_60,6/27/19,7,125,low_normal,Miu_1_a_36,30865,2005-04-15-C-32NM,200504,2.01E+13,9330600,20-0504NM-MX-107-0606-09330600,093.3 060.0,2,ST,-134.974,4/17/05,38459,107,12/30/1899 06:06:00,31.848333,31,50.9,N,-119.58,-119,34.8,W,93.3,93.3,60,60.1,1857,NA,NA,RV NEW HORIZON,32NM,MX,11,102,NA,93.3 60.0,3101,504,45.3,NA,,,,,NA,NA,NA,NA,32,13,1015.3,14.5,12.9,NA,NA,NA,NA,14.30909091,33.15590909,5.598181818,96.14545455,3.463636364,0.511818182,2.409090909,0.03,NA,0.37,0.1,NA,NA,NA,NA,4,31.8,-119.6,2005,15.56333333,0.339402837,36,2005-04-16T00:00:00Z,16T00:00:00Z,-119.671666,-119.471666,31.748333,31.948333,15.665,0.133434,-119.571666,31.848333,15.72208333,y,16.60687701,0.15774224,0.027999739,36,2005-04-01T00:00:00Z,01T00:00:00Z,-119.671666,-119.471666,31.748333,31.948333,0.145936951,0.019143217,-119.571666,31.848333,0.147610285,y,0.263313161
25,X2006_4_80_60,0604_80_60,6/27/19,8,125,low_normal_orange,Miu_1_a_37,31153,2006-04-01-C-32NM,200604,2.01E+13,8000600,20-0604NM-MX-104-0824-08000600,080.0 060.0,2,ST,-38.48,4/14/06,38821,104,12/30/1899 08:24:00,34.155,34,9.3,N,-121.155,-121,9.3,W,80,80,60,60,2225,NA,NA,RV NEW HORIZON,32NM,MX,62,612,NA,80.0 60.0,3101,604,58.1,NA,,,,,NA,NA,NA,NA,24,5,1010.3,13.5,12.9,NA,NA,NA,NA,12.66363636,33.35609091,5.395454545,89.93636364,7.727272727,0.750909091,6.709090909,0.147272727,NA,0.647272727,0.149090909,NA,NA,NA,NA,4,34.2,-121.1,2006,13.37933333,0.219276763,30,2006-04-16T00:00:00Z,16T00:00:00Z,-121.248333,-121.048333,34.051666,34.251666,13.4,0.237216,-121.148333,34.151666,13.04,y,14.36481061,0.645296075,0.089455441,30,2006-04-01T00:00:00Z,01T00:00:00Z,-121.248333,-121.048333,34.051666,34.251666,0.65017873,0.11099288,-121.148333,34.151666,0.710914273,y,0.756784932
26,X2006_4_86.7_50,0604_86.7_50,6/27/19,8,125,low_normal,Miu_1_a_38,31129,2006-04-01-C-32NM,200604,2.01E+13,8670500,20-0604NM-MX-099-1226-08670500,086.7 050.0,2,ST,-70.59,4/9/06,38816,99,12/30/1899 12:26:00,33.318333,33,19.1,N,-119.65,-119,39,W,86.7,86.7,50,49.9,77,NA,NA,RV NEW HORIZON,32NM,MX,38,372,NA,86.7 50.0,3101,604,86.2,NA,,,,,NA,NA,NA,NA,32,15,1015.6,12.9,11.9,NA,NA,NA,NA,11.76,33.54422222,4.82875,78.7875,12.0875,1.08,11.45,0.22125,NA,1.14125,0.3575,NA,NA,NA,NA,4,33.3,-119.7,2006,15.7056,0.705969074,25,2006-04-16T00:00:00Z,16T00:00:00Z,-119.761666,-119.561666,33.225,33.425,15.54,0.88956,-119.661666,33.325,14.18894286,y,15.31692849,1.598219203,0.122878655,36,2006-04-01T00:00:00Z,01T00:00:00Z,-119.761666,-119.561666,33.225,33.425,1.618851721,0.121496962,-119.661666,33.325,1.595582746,y,1.007315079
27,X2006_4_93.3_30,0604_93.3_30,6/27/19,8,125,low_normal_orange,Miu_1_a_39,31096,2006-04-01-C-32NM,200604,2.01E+13,9330300,20-0604NM-MX-092-0720-09330300,093.3 030.0,2,ST,-14.88,4/2/06,38809,92,12/30/1899 07:20:00,32.846666,32,50.8,N,-117.533333,-117,32,W,93.3,93.3,30,30,856,NA,NA,RV NEW HORIZON,32NM,MX,5,42,NA,93.3 30.0,3101,604,51.8,NA,,,,,NA,NA,NA,NA,32,11,1020.1,14,11.8,NA,NA,NA,NA,11.754,33.6215,4.228,69.9,14.16,1.218,13.87,0.042,NA,0.535,0.184,NA,NA,NA,NA,4,32.8,-117.5,2006,16.36611111,0.544926091,36,2006-04-16T00:00:00Z,16T00:00:00Z,-117.626666,-117.426666,32.748333,32.948333,16.2,0.22239,-117.526666,32.848333,15.31263889,y,17.99698991,0.451102975,0.154193987,36,2006-04-01T00:00:00Z,01T00:00:00Z,-117.626666,-117.426666,32.748333,32.948333,0.399836823,0.09641179,-117.526666,32.848333,0.6877945,y,0.451013829
28,X2006_4_93.3_60,0604_93.3_60,6/27/19,8,125,low_normal_orange,Miu_1_a_40,31102,2006-04-01-C-32NM,200604,2.01E+13,9330600,20-0604NM-MX-093-1106-09330600,093.3 060.0,2,ST,-134.55,4/3/06,38810,93,12/30/1899 11:06:00,31.846666,31,50.8,N,-119.576666,-119,34.6,W,93.3,93.3,60,60.1,1904,NA,NA,RV NEW HORIZON,32NM,MX,11,102,NA,93.3 60.0,3101,604,31.5,NA,,,,,NA,NA,NA,NA,18,7,1016.4,15.3,14.5,NA,NA,NA,NA,11.748,33.4758,4.628,76.04,11.66,1.117,12.35,0.073,NA,0.294,0.109,NA,NA,NA,NA,4,31.8,-119.6,2006,16.39611111,0.173011606,36,2006-04-16T00:00:00Z,16T00:00:00Z,-119.671666,-119.471666,31.748333,31.948333,16.38,0.103782,-119.571666,31.848333,15.32930556,y,16.57262599,0.243137009,0.011371838,36,2006-04-01T00:00:00Z,01T00:00:00Z,-119.671666,-119.471666,31.748333,31.948333,0.242063604,0.007650929,-119.571666,31.848333,0.25686119,y,0.304180136
29,X2007_4_80_60,0704_80_60,6/27/19,8,120,normal,Miu_1_a_41,31424,2007-03-27-C-31JD,200704,2.01E+13,8000600,20-0704JD-MX-104-0803-08000600,080.0 060.0,2,ST,-38.46,4/14/07,39186,104,12/30/1899 08:03:00,34.148333,34,8.9,N,-121.15,-121,9,W,80,80,60,60,2175,NA,NA,RV DAVID STARR JORDAN,31JD,MX,53,522,NA,80.0 60.0,3101,704,80.6,NA,,,,,NA,NA,NA,NA,32,15,1020.2,12.7,11,NA,NA,NA,NA,11.238,33.6563,4.728,76.76,13.51,1.282,14.6,0.19,NA,0.842,0.263,NA,NA,NA,NA,4,34.2,-121.1,2007,12.77,0.34445359,30,2007-04-16T00:00:00Z,16T00:00:00Z,-121.248333,-121.048333,34.051666,34.251666,12.82,0.29652,-121.148333,34.151666,12.8025,y,15.2668,0.513022286,0.037731888,30,2007-04-01T00:00:00Z,01T00:00:00Z,-121.248333,-121.048333,34.051666,34.251666,0.509752065,0.035266108,-121.148333,34.151666,0.556300106,y,0.691132826
30,X2007_4_86.7_50,0704_86.7_50,6/27/19,9,125,low_normal,Miu_1_a_43,31440,2007-03-27-C-31JD,200704,2.01E+13,8670500,20-0704JD-MX-098-0436-08670500,086.7 050.0,2,ST,-70.88,4/8/07,39180,98,12/30/1899 04:36:00,33.323333,33,19.4,N,-119.66,-119,39.6,W,86.7,86.7,50,50,78,NA,NA,RV DAVID STARR JORDAN,31JD,MX,37,362,NA,86.7 50.0,3101,704,34.9,NA,,,,,NA,NA,NA,NA,31,21,1013.5,14.1,13.5,NA,NA,NA,NA,12.444,33.6286,5.286666667,87.54444444,10.26666667,0.948888889,9.011111111,0.173333333,NA,0.49,0.22,NA,NA,NA,NA,4,33.3,-119.7,2007,13.00423077,0.30017559,26,2007-04-16T00:00:00Z,16T00:00:00Z,-119.761666,-119.561666,33.225,33.425,13.015,0.177912,-119.661666,33.325,13.45711538,y,15.78462017,0.939261496,0.118384167,36,2007-04-01T00:00:00Z,01T00:00:00Z,-119.761666,-119.561666,33.225,33.425,0.961123645,0.120485658,-119.661666,33.325,0.851037512,y,0.852551775
31,X2007_3_93.3_30,0704_93.3_30,6/27/19,9,125,low_normal,Miu_1_a_44,31467,2007-03-27-C-31JD,200704,2.01E+13,9330300,20-0704JD-MX-087-1509-09330300,093.3 030.0,1,ST,-14.62,3/28/07,39169,87,12/30/1899 15:09:00,32.845,32,50.7,N,-117.526666,-117,31.6,W,93.3,93.3,30,30,829,13,NA,RV DAVID STARR JORDAN,31JD,MX,4,32,NA,93.3 30.0,3101,704,44.3,NA,,,,,NA,32,3,6,1,14,1018.3,13.8,10.9,1,0,1,8,12.80083333,33.62841667,4.8025,80.675,9.227272727,0.897272727,8,0.07,NA,0.595454545,0.253636364,NA,NA,NA,NA,3,32.8,-117.5,2007,15.70138889,0.263960525,36,2007-04-16T00:00:00Z,16T00:00:00Z,-117.626666,-117.426666,32.748333,32.948333,15.71,0.274281,-117.526666,32.848333,15.71,y,18.52781812,0.770498052,0.068634754,36,2007-04-01T00:00:00Z,01T00:00:00Z,-117.626666,-117.426666,32.748333,32.948333,0.765983641,0.076391623,-117.526666,32.848333,0.658899355,y,0.483414293
32,X2007_3_93.3_60,0704_93.3_60,6/27/19,8,125,low_normal,Miu_1_a_45,31473,2007-03-27-C-31JD,200704,2.01E+13,9330600,20-0704JD-MX-088-2023-09330600,093.3 060.0,1,ST,-134.11,3/29/07,39170,88,12/30/1899 20:23:00,31.846666,31,50.8,N,-119.566666,-119,34,W,93.3,93.3,60,59.9,1830,NA,NA,RV DAVID STARR JORDAN,31JD,MX,10,92,NA,93.3 60.0,3101,704,70.4,NA,,,,,NA,31,4,8,30,6,1020,16.5,15,0,NA,0,7,13.53333333,33.51241667,6.0225,101.8,3.158333333,0.4625,1.258333333,0.133333333,NA,0.780833333,0.239166667,NA,NA,NA,NA,3,31.8,-119.6,2007,14.72,0.122940171,36,2007-04-16T00:00:00Z,16T00:00:00Z,-119.671666,-119.471666,31.748333,31.948333,14.74,0.07413,-119.571666,31.848333,14.43611111,y,17.3175463,0.334316769,0.015234221,36,2007-04-01T00:00:00Z,01T00:00:00Z,-119.671666,-119.471666,31.748333,31.948333,0.32975927,0.013042947,-119.571666,31.848333,0.368735601,y,0.290962074
33,X2008_4_86.7_50,0804_86.7_50,6/27/19,9,125,low_normal,Miu_1_a_46,31738,2008-03-24-C-31JD,200804,2.01E+13,8670500,20-0804JD-MX-092-2323-08670500,086.7 050.0,2,ST,-71.008,4/1/08,39539,92,12/30/1899 23:23:00,33.321666,33,19.3,N,-119.661666,-119,39.7,W,86.7,86.7,50,50,78,10,NA,RV DAVID STARR JORDAN,31JD,MX,35,342,NA,86.7 50.0,3101,804,105.3,NA,,,,,NA,29,1,6,30,14,1017.8,13.9,10.7,1,3,3,8,11.34,33.75222222,4.714444444,73.825,13.35555556,1.246666667,13.97777778,0.115555556,0.307777778,1.741111111,0.747777778,NA,NA,NA,NA,4,33.3,-119.7,2008,12.43638889,0.260583442,36,2008-04-16T00:00:00Z,16T00:00:00Z,-119.761666,-119.561666,33.225,33.425,12.35,0.274281,-119.661666,33.325,12.62001263,y,14.55515753,0.931143853,0.102354353,36,2008-04-01T00:00:00Z,01T00:00:00Z,-119.761666,-119.561666,33.225,33.425,0.974235594,0.077890287,-119.661666,33.325,1.192528995,y,0.912142756
34,X2008_3_93.3_30,0804_93.3_30,6/27/19,9,125,normal,Miu_1_b_01,31763,2008-03-24-C-31JD,200804,2.01E+13,9330300,20-0804JD-MX-085-1437-09330300,093.3 030.0,1,ST,-14.775,3/25/08,39532,85,12/30/1899 14:37:00,32.845,32,50.7,N,-117.53,-117,31.8,W,93.3,93.3,30,30,847,17,NA,RV DAVID STARR JORDAN,31JD,MX,5,42,NA,93.3 30.0,3101,804,47,NA,,,,,NA,14,3,6,22,1,1015,14.8,13.1,2,7,8,7,11.44222222,33.68033333,4.007777778,65.61111111,15.95555556,1.37,15.74444444,0.048888889,0.03,0.5,0.193333333,NA,NA,NA,NA,3,32.8,-117.5,2008,16.07138889,0.187375144,36,2008-04-16T00:00:00Z,16T00:00:00Z,-117.626666,-117.426666,32.748333,32.948333,16.1,0.214977,-117.526666,32.848333,15.72513889,y,17.86903439,0.670790561,0.13539059,36,2008-04-01T00:00:00Z,01T00:00:00Z,-117.626666,-117.426666,32.748333,32.948333,0.635018706,0.12119624,-117.526666,32.848333,0.603941287,y,0.466930736
35,X2008_3_93.3_60,0804_93.3_60,6/27/19,9,125,low_normal,Miu_1_b_02,31769,2008-03-24-C-31JD,200804,2.01E+13,9330600,20-0804JD-PR-086-1919-09330600,093.3 060.0,1,ST,-134.308,3/26/08,39533,86,12/30/1899 19:19:00,31.845,31,50.7,N,-119.57,-119,34.2,W,93.3,93.3,60,60,1795,11,NA,RV DAVID STARR JORDAN,31JD,PR,11,102,NA,93.3 60.0,3101,804,47.5,251.5,12/30/1899 12:42:00,12/30/1899 16:42:00,12/30/1899 12:04:00,12/30/1899 18:39:00,8,32,5,5,33,27,1022,17.2,13.9,1,7,2,8,12.60333333,33.48541667,5.080833333,84.73333333,9.066666667,0.8625,8.308333333,0.07,0.038333333,0.538333333,0.176666667,NA,NA,NA,NA,3,31.8,-119.6,2008,14.30277778,0.533284224,36,2008-04-16T00:00:00Z,16T00:00:00Z,-119.671666,-119.471666,31.748333,31.948333,14.285,0.681996,-119.571666,31.848333,14.29166667,y,15.92276108,0.385544928,0.024237332,36,2008-04-01T00:00:00Z,01T00:00:00Z,-119.671666,-119.471666,31.748333,31.948333,0.389018357,0.030976945,-119.571666,31.848333,0.426480408,y,0.370200645
36,X2009_3_80_60,0903_80_60,6/28/19,10,125,full,Miu_1_b_03,32001,2009-03-08-C-31JD,200903,2.01E+13,8000600,20-0903JD-MX-079-1238-08000600,080.0 060.0,1,ST,-38.272,3/20/09,39892,79,12/30/1899 12:38:00,34.15,34,9,N,-121.146666,-121,8.8,W,80,80,60,60,2149,NA,NA,RV DAVID STARR JORDAN,31JD,MX,62,612,NA,80.0 60.0,3101,903,120,NA,,,,,NA,NA,NA,NA,33,25,1013.1,12.8,11.7,NA,NA,NA,NA,11.97636364,33.43536364,5.466363636,89.66363636,6.990909091,0.779090909,6.918181818,0.131818182,0.241818182,1.372727273,0.391818182,NA,NA,NA,NA,3,34.2,-121.1,2009,12.463,0.105541298,30,2009-03-17T00:00:00Z,17T00:00:00Z,-121.248333,-121.048333,34.051666,34.251666,12.475,0.111195,-121.148333,34.151666,12.4285,y,14.05032992,0.817066441,0.114546942,30,2009-03-01T00:00:00Z,01T00:00:00Z,-121.248333,-121.048333,34.051666,34.251666,0.801796377,0.162500306,-121.148333,34.151666,0.669566303,y,0.723052199
37,X2009_3_86.7_50,0903_86.7_50,6/28/19,10,34,full,Miu_1_b_04,32024,2009-03-08-C-31JD,200903,2.01E+13,8670500,20-0903JD-MX-074-1356-08670500,086.7 050.0,1,ST,-71.032,3/15/09,39887,74,12/30/1899 13:56:00,33.323333,33,19.4,N,-119.663333,-119,39.8,W,86.7,86.7,50,50,74,NA,NA,RV DAVID STARR JORDAN,31JD,MX,38,372,NA,86.7 50.0,3101,903,64.9,NA,,,,,NA,28,3,5,31,25,1017.8,12,10.1,1,6,6,6,11.58875,33.40625,5.07875,82.575,10.1125,0.98375,9.5125,0.1075,0.01125,0.75875,0.19125,NA,NA,NA,NA,3,33.3,-119.7,2009,13.23861111,0.16214901,36,2009-03-17T00:00:00Z,17T00:00:00Z,-119.761666,-119.561666,33.225,33.425,13.22,0.133434,-119.661666,33.325,13.24180556,y,15.43296307,0.78619126,0.115907056,36,2009-03-01T00:00:00Z,01T00:00:00Z,-119.761666,-119.561666,33.225,33.425,0.771140218,0.150931986,-119.661666,33.325,0.835135757,y,0.800531806
38,X2009_3_93.3_30,0903_93.3_30,6/28/19,10,125,normal,Miu_1_b_07,32049,2009-03-08-C-31JD,200903,2.01E+13,9330300,20-0903JD-MX-067-1221-09330300,093.3 030.0,1,ST,-14.959,3/8/09,39880,67,12/30/1899 12:21:00,32.846666,32,50.8,N,-117.535,-117,32.1,W,93.3,93.3,30,30,841,NA,NA,RV DAVID STARR JORDAN,31JD,MX,5,42,NA,93.3 30.0,3101,903,32.7,NA,,,,,NA,NA,NA,NA,9,10,1015.3,11.9,14.2,NA,NA,NA,NA,12.22777778,33.419,5.00375,82.9875,9.5375,0.83375,8.7125,0.085,0.195,0.37625,0.19625,2041.5,2226.035,NA,NA,3,32.8,-117.5,2009,14.89666667,0.111432234,36,2009-03-17T00:00:00Z,17T00:00:00Z,-117.626666,-117.426666,32.748333,32.948333,14.9,0.133434,-117.526666,32.848333,15.46666667,y,18.19983384,0.350118082,0.108539194,36,2009-03-01T00:00:00Z,01T00:00:00Z,-117.626666,-117.426666,32.748333,32.948333,0.301833957,0.024953921,-117.526666,32.848333,0.490636194,y,0.401235665
39,X2009_3_93.3_60,0903_93.3_60,6/28/19,10,125,low_normal,Miu_1_b_08,32056,2009-03-08-C-31JD,200903,2.01E+13,9330600,20-0903JD-MX-068-1432-09330600,093.3 060.0,1,ST,-134.156,3/9/09,39881,68,12/30/1899 14:32:00,31.85,31,51,N,-119.57,-119,34.2,W,93.3,93.3,60,60,1952,NA,NA,RV DAVID STARR JORDAN,31JD,MX,11,102,NA,93.3 60.0,3101,903,28.8,NA,,,,,NA,32,5,6,32,22,1017.1,13.5,10,2,6,8,2,12.94181818,33.22536364,5.722727273,95.52727273,5.472727273,0.599090909,3.954545455,0.07,0.068181818,0.323636364,0.158181818,NA,NA,NA,NA,3,31.8,-119.6,2009,14.32916667,0.267243869,36,2009-03-17T00:00:00Z,17T00:00:00Z,-119.671666,-119.471666,31.748333,31.948333,14.27,0.22239,-119.571666,31.848333,14.03430556,y,15.89034772,0.331530261,0.017741881,36,2009-03-01T00:00:00Z,01T00:00:00Z,-119.671666,-119.471666,31.748333,31.948333,0.334632367,0.018301241,-119.571666,31.848333,0.320212935,y,0.322477699
40,X2010_5_80_60,1004_80_60,6/28/19,11,125,full_orange,Miu_1_b_09,32342,2010-04-27-C-31FN,201004,2.01E+13,8000600,20-1004FN-MX-137-0151-08000600,080.0 060.0,2,ST,-38.227,5/17/10,40315,137,12/30/1899 01:51:00,34.146667,34,8.8,N,-121.143333,-121,8.6,W,80,80,60,60,2142,NA,NA,RV MILLER FREEMAN,31FN,MX,189,1882,NA,80.0 60.0,3101,1004,30.4,NA,,,,,NA,30,2,5,32,10,1013.7,12.5,12,2,7,8,6,11.4175,33.382375,5.41625,87.6125,14.1875,1.17875,12.85,0.21,0.245,0.3375,0.26875,2088.78,2225.485,NA,NA,5,34.2,-121.1,2010,13.19666667,0.591242603,30,2010-04-16T00:00:00Z,16T00:00:00Z,-121.248333,-121.048333,34.051666,34.251666,13.31,0.630105,-121.148333,34.151666,13.34433333,y,14.61696305,0.776660742,0.13720436,30,2010-04-01T00:00:00Z,01T00:00:00Z,-121.248333,-121.048333,34.051666,34.251666,0.806174785,0.091381491,-121.148333,34.151666,0.710276367,y,0.787036559
41,X2010_4_93.3_30,1004_93.3_30,6/28/19,11,125,normal,Miu_1_b_10,32391,2010-04-27-C-31FN,201004,2.01E+13,9330300,20-1004FN-MX-117-1208-09330300,093.3 030.0,2,ST,-14.765,4/27/10,40295,117,12/30/1899 12:08:00,32.848333,32,50.9,N,-117.531667,-117,31.9,W,93.3,93.3,30,30,846,NA,NA,RV MILLER FREEMAN,31FN,MX,127,1262,NA,93.3 30.0,3101,1004,31.8,NA,,,,,NA,NA,NA,NA,19,3,1013.5,14.5,14,NA,NA,NA,NA,13.92833333,33.411,5.453333333,93.28333333,5.6,0.62,4,0.088333333,0.105,0.353333333,0.181666667,2041.09,2227.78,NA,NA,4,32.8,-117.5,2010,16.81527778,0.233415462,36,2010-04-16T00:00:00Z,16T00:00:00Z,-117.626666,-117.426666,32.748333,32.948333,16.87,0.274281,-117.526666,32.848333,16.23152778,y,18.45391865,0.236347518,0.055897702,36,2010-04-01T00:00:00Z,01T00:00:00Z,-117.626666,-117.426666,32.748333,32.948333,0.217240334,0.021633899,-117.526666,32.848333,0.310682301,y,0.31539953
42,X2010_4_93.3_60,1004_93.3_60,6/28/19,11,125,full,Miu_1_b_11,32398,2010-04-27-C-31FN,201004,2.01E+13,9330600,20-1004FN-MX-118-1142-09330600,093.3 060.0,2,ST,-134.207,4/28/10,40296,118,12/30/1899 11:42:00,31.848333,31,50.9,N,-119.57,-119,34.2,W,93.3,93.3,60,60,1833,NA,NA,RV MILLER FREEMAN,31FN,MX,133,1322,NA,93.3 60.0,3101,1004,29.2,NA,,,,,NA,NA,NA,NA,29,10,1016.5,16.2,15.2,NA,NA,NA,NA,14.77777778,33.24511111,5.84,101.1333333,2,0.39625,0.425,0.00875,0.0775,0.281111111,0.136666667,NA,NA,NA,NA,4,31.8,-119.6,2010,15.15277778,0.13593299,36,2010-04-16T00:00:00Z,16T00:00:00Z,-119.671666,-119.471666,31.748333,31.948333,15.135,0.126021,-119.571666,31.848333,14.96472222,y,16.51466017,0.277031477,0.023072995,36,2010-04-01T00:00:00Z,01T00:00:00Z,-119.671666,-119.471666,31.748333,31.948333,0.275210127,0.027265279,-119.571666,31.848333,0.313562538,y,0.369749535
43,X2011_4_80_60,1104_80_60,6/28/19,12,50,full,Miu_1_b_12,32672,2011-04-09-C-325S,201104,2.01E+13,8000600,20-11045S-PR-113-1727-08000600,080.0 060.0,2,ST,-38.855,4/23/11,40656,113,12/30/1899 17:27:00,34.15,34,9,N,-121.155,-121,9.3,W,80,80,60,60.1,2162,8,NA,RV BELL M. SHIMADA,325S,PR,103,1022,NA,80.0 60.0,3101,1104,148.4,1425.6,12/30/1899 12:05:00,12/30/1899 19:03:00,12/30/1899 12:03:00,12/30/1899 19:13:00,8,30,3,8,30,4,1016.8,14,12,1,3,4,8,10.89416667,33.62516667,5.068181818,81.21818182,15.22727273,1.432727273,15.51818182,0.199090909,1.036363636,1.76,0.99,NA,NA,NA,NA,4,34.2,-121.1,2011,13.17333333,0.234555094,30,2011-04-16T00:00:00Z,16T00:00:00Z,-121.248333,-121.048333,34.051666,34.251666,13.2,0.207564,-121.148333,34.151666,13.19316667,y,13.94502601,0.653882813,0.150064018,30,2011-04-01T00:00:00Z,01T00:00:00Z,-121.248333,-121.048333,34.051666,34.251666,0.603025079,0.140907001,-121.148333,34.151666,0.533326076,y,0.873452946
44,X2011_4_86.7_50,1104_86.7_50,6/28/19,11,125,normal_organge,Miu_1_b_13,32694,2011-04-09-C-325S,201104,2.01E+13,8670500,20-11045S-PR-108-1816-08670500,086.7 050.0,2,ST,-71.322,4/18/11,40651,108,12/30/1899 18:16:00,33.325,33,19.5,N,-119.668333,-119,40.1,W,86.7,86.7,50,50,81,10,NA,RV BELL M. SHIMADA,325S,PR,75,742,NA,86.7 50.0,3101,1104,33.2,471.3,12/30/1899 11:58:00,12/30/1899 18:55:00,12/30/1899 11:58:00,12/30/1899 18:57:00,8,31,6,5,31,18,1016.3,13.3,13,2,7,8,4,10.979,33.6845,3.739,60.54,20.2,1.526,18.36,0.137,0.046,0.461,0.266,NA,NA,NA,NA,4,33.3,-119.7,2011,13.67971429,0.277281824,35,2011-04-16T00:00:00Z,16T00:00:00Z,-119.761666,-119.561666,33.225,33.425,13.77,0.163086,-119.661666,33.325,13.32335714,y,14.18861671,1.046693183,0.07860048,36,2011-04-01T00:00:00Z,01T00:00:00Z,-119.761666,-119.561666,33.225,33.425,1.051147103,0.075167215,-119.661666,33.325,1.025136496,y,1.278092538
45,X2011_4_93.3_30,1104_93.3_30,6/28/19,11,125,low_normal,Miu_1_b_14,32720,2011-04-09-C-325S,201104,2.01E+13,9330300,20-11045S-MX-100-0921-09330300,093.3 030.0,2,ST,-14.909,4/10/11,40643,100,12/30/1899 09:21:00,32.848333,32,50.9,N,-117.528333,-117,31.7,W,93.3,93.3,30,30,815,NA,NA,RV BELL M. SHIMADA,325S,MX,35,342,NA,93.3 30.0,3101,1104,48.8,NA,,,,,NA,NA,NA,NA,7,1,1022.1,14,11.5,NA,NA,NA,NA,11.41,33.586,3.766923077,61.81538462,18.10769231,1.424615385,16.33846154,0.230769231,0.177692308,0.640769231,0.275384615,2151.4,2235.85,NA,NA,4,32.8,-117.5,2011,16.74916667,0.123574732,36,2011-04-16T00:00:00Z,16T00:00:00Z,-117.626666,-117.426666,32.748333,32.948333,16.755,0.126021,-117.526666,32.848333,16.11333333,y,17.31326991,0.530641031,0.078972475,36,2011-04-01T00:00:00Z,01T00:00:00Z,-117.626666,-117.426666,32.748333,32.948333,0.516069025,0.072032073,-117.526666,32.848333,0.641815916,y,0.523789145
46,X2011_4_93.3_60,1104_93.3_60,6/28/19,11,125,normal,Miu_1_b_15,32725,2011-04-09-C-325S,201104,2.01E+13,9330600,20-11045S-PR-101-1757-09330600,093.3 060.0,2,ST,-134.799,4/11/11,40644,101,12/30/1899 17:57:00,31.851667,31,51.1,N,-119.578333,-119,34.7,W,93.3,93.3,60,60,1860,21,NA,RV BELL M. SHIMADA,325S,PR,42,412,NA,93.3 60.0,3101,1104,21.9,180.9,12/30/1899 11:55:00,12/30/1899 18:50:00,12/30/1899 11:59:00,12/30/1899 18:52:00,8,33,8,6,33,14,1024.6,14.5,14,1,6,7,7,13.88142857,33.30364286,5.496428571,93.75714286,5.057142857,0.587142857,4.042857143,0.075714286,0.034285714,0.223571429,0.092142857,NA,NA,NA,NA,4,31.8,-119.6,2011,15.55444444,0.106030843,36,2011-04-16T00:00:00Z,16T00:00:00Z,-119.671666,-119.471666,31.748333,31.948333,15.57,0.103782,-119.571666,31.848333,15.07722222,y,15.59618687,0.378579488,0.064850325,36,2011-04-01T00:00:00Z,01T00:00:00Z,-119.671666,-119.471666,31.748333,31.948333,0.370490104,0.058297654,-119.571666,31.848333,0.647962809,y,0.467426973
47,X2012_4_80_60,1203_80_60,6/28/19,12,125,full,Miu_1_b_16,32966,2012-03-25-C-325S,201203,2.01E+13,8000600,20-12035S-MX-097-1942-08000600,080.0 060.0,2,ST,-38.519,4/6/12,41006,98,12/30/1899 19:42:00,34.151667,34,9.1,N,-121.148333,-121,8.9,W,80,80,60,60,2165,13,NA,RV BELL M SHIMADA,325S,MX,57,562,NA,80.0 60.0,3101,1203,170.4,NA,,,,,NA,32,10,9,33,23,1022.3,11.9,8.7,1,0,1,8,10.853,33.6057,5.313333333,84.94444444,14.32222222,1.261111111,14.13333333,0.227777778,0.462222222,1.677777778,0.498888889,NA,NA,NA,NA,4,34.2,-121.1,2012,11.515,0.215578612,30,2012-03-17T00:00:00Z,17T00:00:00Z,-121.248333,-121.048333,34.051666,34.251666,11.515,0.244629,-121.148333,34.151666,11.80716667,y,13.86850613,0.546259255,0.06461648,30,2012-03-01T00:00:00Z,01T00:00:00Z,-121.248333,-121.048333,34.051666,34.251666,0.523833245,0.055421878,-121.148333,34.151666,0.462893309,y,0.637699823
48,X2012_3_86.7_50,1203_86.7_50,6/28/19,12,125,low_normal,Miu_1_b_17,32981,2012-03-25-C-325S,201203,2.01E+13,8670500,20-12035S-MX-091-0228-08670500,086.7 050.0,1,ST,-71.279,3/31/12,40999,91,12/30/1899 02:28:00,33.321667,33,19.3,N,-119.665,-119,39.9,W,86.7,86.7,50,50,82,NA,NA,RV BELL M SHIMADA,325S,MX,31,302,NA,86.7 50.0,3101,1203,171.9,NA,,,,,NA,NA,NA,NA,29,17,1015.2,12.9,12.3,0,NA,0,0,11.54555556,33.59566667,4.84625,78.7,13.45,1.11125,12.5375,0.18375,0.192857143,2.59625,0.30625,NA,NA,NA,NA,3,33.3,-119.7,2012,12.972,0.20239449,35,2012-03-17T00:00:00Z,17T00:00:00Z,-119.761666,-119.561666,33.225,33.425,12.95,0.177912,-119.661666,33.325,13.08214286,y,14.83719613,0.535549278,0.050506195,36,2012-03-01T00:00:00Z,01T00:00:00Z,-119.761666,-119.561666,33.225,33.425,0.523974985,0.031516089,-119.661666,33.325,0.551861033,y,1.047607786
49,X2012_3_93.3_30,1203_93.3_30,6/28/19,12,125,low_normal,Miu_1_b_18,33000,2012-03-25-C-325S,201203,2.01E+13,9330300,20-12035S-MX-085-1016-09330300,093.3 030.0,1,ST,-15.276,3/25/12,40993,85,12/30/1899 10:16:00,32.843333,32,50.6,N,-117.533333,-117,32,W,93.3,93.3,30,30,850,NA,NA,RV BELL M SHIMADA,325S,MX,3,22,NA,93.3 30.0,3101,1203,75.9,NA,,,,,NA,NA,NA,NA,13,6,1013.9,13.2,11,0,NA,0,0,11.399,33.7077,3.801,62.24,17.55,1.446,16.13,0.189,0.222,0.753,0.212,2121.025,2277.96,NA,NA,3,32.8,-117.5,2012,14.43694444,0.177985865,36,2012-03-17T00:00:00Z,17T00:00:00Z,-117.626666,-117.426666,32.748333,32.948333,14.47,0.192738,-117.526666,32.848333,15.03069444,y,17.02524492,0.853857454,0.283957693,36,2012-03-01T00:00:00Z,01T00:00:00Z,-117.626666,-117.426666,32.748333,32.948333,0.737017065,0.1877105,-117.526666,32.848333,0.781199315,y,0.469243617
50,X2012_3_93.3_60,1203_93.3_60,6/28/19,12,125,low_normal,Miu_1_b_19,33006,2012-03-25-C-325S,201203,2.01E+13,9330600,20-12035S-MX-086-1100-09330600,093.3 060.0,1,ST,-134.783,3/26/12,40994,86,12/30/1899 11:00:00,31.845,31,50.7,N,-119.573333,-119,34.4,W,93.3,93.3,60,60,1862,NA,NA,RV BELL M SHIMADA,325S,MX,9,82,NA,93.3 60.0,3101,1203,27,NA,,,,,NA,NA,NA,NA,29,13,1017.4,13.2,10.4,0,NA,0,0,13.64,33.3814,5.609,95.13,4.38,0.497,2.83,0.054,0.047,0.274,0.08,NA,NA,NA,NA,3,31.8,-119.6,2012,14.04055556,0.097568861,36,2012-03-17T00:00:00Z,17T00:00:00Z,-119.671666,-119.471666,31.748333,31.948333,14.025,0.096369,-119.571666,31.848333,14.50930556,y,15.88104552,0.364863892,0.02586873,36,2012-03-01T00:00:00Z,01T00:00:00Z,-119.671666,-119.471666,31.748333,31.948333,0.358239114,0.032630212,-119.571666,31.848333,0.305094046,y,0.342871198
51,X2013_4_80_60,1304_80_60,6/28/19,13,125,normal,Miu_1_b_20,33275,2013-04-06-C-325S,201304,2.01E+13,8000600,20-13045S-PR-110-1616-08000600,080.0 060.0,2,ST,-39.155,4/20/13,37366,110,12/30/1899 16:16:07,34.15232,34,9.139,N,-121.16733,-121,10.04,W,80,80,60,60.2,2310,18,NA,RV BELL M SHIMADA,325S,PR,57,648,1,80.0 60.0,3101,1304,57.4,574.5,12/30/1899 12:00:00,12/30/1899 19:11:00,12/30/1899 12:03:00,12/30/1899 19:11:00,8,34,7,6,33,27,1016.3,13.1,11.8,0,NA,0,7,11.38992308,33.60643846,5.323166667,86.23916667,10.6,1.0875,11.475,0.168333333,0.799166667,0.604,0.293916667,NA,NA,0.138857143,NA,4,34.2,-121.1,2013,12.69066667,0.111600684,30,2013-04-16T00:00:00Z,16T00:00:00Z,-121.248333,-121.048333,34.051666,34.251666,12.725,0.088956,-121.148333,34.151666,12.36416667,y,14.26680651,0.44597466,0.081799934,30,2013-04-01T00:00:00Z,01T00:00:00Z,-121.248333,-121.048333,34.051666,34.251666,0.416833356,0.087058637,-121.148333,34.151666,0.654336987,y,0.811514588
52,X2013_4_86.7_50,1304_86.7_50,6/28/19,13,125,normal,Miu_1_b_21,33296,2013-04-06-C-325S,201304,2.01E+13,8670500,20-13045S-MX-105-1214-08670500,086.7 050.0,2,ST,-70.967,4/15/13,37361,105,12/30/1899 12:14:11,33.3245,33,19.47,N,-119.66017,-119,39.61,W,86.7,86.7,50,50,72,NA,NA,RV BELL M SHIMADA,325S,MX,35,398,1,86.7 50.0,3101,1304,68.1,NA,,,,,NA,NA,NA,NA,32,25,1011.6,12.2,11.6,NA,NA,NA,NA,10.37477778,33.8326,3.478333333,55.6,23.91777778,1.666666667,20.04444444,0.132222222,0.251111111,0.688333333,0.429111111,NA,NA,NA,NA,4,33.3,-119.7,2013,13.38942857,0.313387027,35,2013-04-16T00:00:00Z,16T00:00:00Z,-119.761666,-119.561666,33.225,33.425,13.35,0.385476,-119.661666,33.325,13.22254762,y,15.31469249,1.200972024,0.156301895,35,2013-04-01T00:00:00Z,01T00:00:00Z,-119.761666,-119.561666,33.225,33.425,1.217406869,0.13841263,-119.661666,33.325,1.203775167,y,1.023247098
53,X2013_4_93.3_30,1304_93.3_30,6/28/19,13,125,normal,Miu_1_b_22,33320,2013-04-06-C-325S,201304,2.01E+13,9330300,20-13045S-MX-097-0724-09330300,093.3 030.0,2,ST,-15.601,4/7/13,37353,97,12/30/1899 07:24:14,32.8385,32,50.31,N,-117.533,-117,31.98,W,93.3,93.3,30,30.1,870,NA,NA,RV BELL M SHIMADA,325S,MX,4,36,1,93.3 30.0,3101,1304,30.3,NA,,,,,NA,NA,NA,NA,33,2,1016,15.1,14.9,NA,NA,NA,NA,11.89377778,33.66676667,4.015888889,66.61888889,15.27777778,1.292222222,14.53333333,0.035555556,NA,0.311444444,0.216111111,2099.4,2233.24,NA,NA,4,32.8,-117.5,2013,16.02777778,0.428039458,36,2013-04-16T00:00:00Z,16T00:00:00Z,-117.626666,-117.426666,32.748333,32.948333,15.81,0.22239,-117.526666,32.848333,15.77222222,y,18.13455031,0.403701984,0.091924279,36,2013-04-01T00:00:00Z,01T00:00:00Z,-117.626666,-117.426666,32.748333,32.948333,0.371388733,0.071509476,-117.526666,32.848333,0.397249305,y,0.330481597
54,X2013_4_93.3_60,1304_93.3_60,6/28/19,13,125,normal,Miu_1_b_23,33326,2013-04-06-C-325S,201304,2.01E+13,9330600,20-13045S-PR-101-1513-09330600,093.3 060.0,2,ST,-135.193,4/11/13,37357,101,12/30/1899 15:13:47,31.8475,31,50.85,N,-119.5805,-119,34.83,W,93.3,93.3,60,60.1,1860,16,NA,RV BELL M SHIMADA,325S,PR,22,246,1,93.3 60.0,3101,1304,51.2,322.1,12/30/1899 11:59:00,12/30/1899 18:55:00,12/30/1899 11:59:00,12/30/1899 18:54:00,8,32,4,6,32,19,1016.3,14,13,2,6,8,6,13.78207692,33.37299231,5.980461538,101.5469231,3.606153846,0.38,0.761538462,0.05,0.068461538,0.547307692,0.156769231,NA,NA,0.12525,NA,4,31.8,-119.6,2013,14.4725,0.147887506,36,2013-04-16T00:00:00Z,16T00:00:00Z,-119.671666,-119.471666,31.748333,31.948333,14.485,0.170499,-119.571666,31.848333,14.40986111,y,16.26796746,0.328616477,0.014950074,36,2013-04-01T00:00:00Z,01T00:00:00Z,-119.671666,-119.471666,31.748333,31.948333,0.32571654,0.008865484,-119.571666,31.848333,0.310971541,y,0.359313712
55,X2014_4_80_60,1404_80_60,6/28/19,14,125,normal,Miu_1_b_24,33534,2014-03-28-C-31OS,201404,2.01E+13,8000600,20-1404OS-MX-103-2209-08000600,080.0 060.0,2,ST,-38.443,4/13/14,37359,103,12/30/1899 22:09:40,34.16203,34,9.722,N,-121.15758,-121,9.455,W,80,79.9,60,60,2215,14,NA,RV OCEAN STARR,31OS,MX,59,702,1,80.0 60.0,3101,1404,42.6,NA,,,,,NA,34,2,6,34,18,1021,15.1,13.3,2,7,8,6,12.07327273,33.55174545,4.745888889,78.37111111,12.17,1.114444444,10.91111111,0.117111111,0.44,0.376333333,0.387666667,2062.22,2235.615,NA,NA,4,34.2,-121.1,2014,14.49066667,0.200016091,30,2014-04-16T00:00:00Z,16T00:00:00Z,-121.248333,-121.048333,34.051666,34.251666,14.54,0.07413,-121.148333,34.151666,14.41516667,y,14.6582,0.443848464,0.062997942,30,2014-04-01T00:00:00Z,01T00:00:00Z,-121.248333,-121.048333,34.051666,34.251666,0.430835426,0.082973564,-121.148333,34.151666,0.563622258,y,0.849129661
56,X2014_4_93.3_30,1404_93.3_30,6/28/19,13,125,normal_organge,Miu_1_b_26,33581,2014-03-28-C-31OS,201404,2.01E+13,9330300,20-1404OS-MX-092-0346-09330300,093.3 030.0,2,ST,-15.262,4/2/14,37348,92,12/30/1899 03:46:34,32.84772,32,50.863,N,-117.53193,-117,31.916,W,93.3,93.3,30,30,857,NA,NA,RV OCEAN STARR,31OS,MX,5,41,1,93.3 30.0,3101,1404,31.2,NA,,,,,NA,NA,NA,NA,33,12,1020,14.9,11.9,NA,NA,NA,NA,13.06388889,33.48432222,4.806777778,81.09555556,8.97,0.91,8.766666667,0.113444444,0.128888889,0.332333333,0.113333333,2048.505,2231.195,NA,NA,4,32.8,-117.5,2014,16.79416667,0.372845238,36,2014-04-16T00:00:00Z,16T00:00:00Z,-117.626666,-117.426666,32.748333,32.948333,16.92,0.259455,-117.526666,32.848333,17.14208333,y,18.63810764,0.333230985,0.086167285,36,2014-04-01T00:00:00Z,01T00:00:00Z,-117.626666,-117.426666,32.748333,32.948333,0.31542103,0.095292696,-117.526666,32.848333,0.270881254,y,0.249675049
57,X2014_4_93.3_60,1404_93.3_60,6/28/19,13,125,normal_organge,Miu_1_b_27,33587,2014-03-28-C-31OS,201404,2.01E+13,9330600,20-1404OS-MX-093-0716-09330600,093.3 060.0,2,ST,-134.416,4/3/14,37349,93,12/30/1899 07:16:19,31.84738,31,50.843,N,-119.56267,-119,33.76,W,93.3,93.3,60,59.9,1912,NA,NA,RV OCEAN STARR,31OS,MX,11,115,1,93.3 60.0,3101,1404,23.8,NA,,,,,NA,NA,NA,NA,33,17,1025.5,14.3,11.2,NA,NA,NA,NA,13.35733333,33.2983,5.502444444,92.76333333,5,0.58375,3.7875,0.033375,0.03875,0.243125,0.145125,NA,NA,NA,NA,4,31.8,-119.6,2014,15.54666667,0.17103049,36,2014-04-16T00:00:00Z,16T00:00:00Z,-119.671666,-119.471666,31.748333,31.948333,15.585,0.111195,-119.571666,31.848333,15.59097222,y,16.96092274,0.253365895,0.022094288,36,2014-04-01T00:00:00Z,01T00:00:00Z,-119.671666,-119.471666,31.748333,31.948333,0.250425845,0.030029731,-119.571666,31.848333,0.232436826,y,0.304722205
58,X2015_4_80_60,1504_80_60,6/28/19,14,100,full_orange,Miu_1_b_28,33857,2015-04-04-C-32NM,201504,2.02E+13,8000600,20-1504NM-MX-106-1433-08000600,080.0 060.0,2,ST,-38.351,4/16/15,37362,106,12/30/1899 14:33:35,34.15052,34,9.031,N,-121.14713,-121,8.828,W,80,80,60,60,2180,NA,NA,RV NEW HORIZON,32NM,MX,57,668,1,80.0 60.0,3101,1504,176.3,NA,,,,,NA,36,4,6,1,11,1013.3,15.1,13.1,0,NA,0,7,12.6565,33.28401,5.4893,91.413,5.976,0.8,6.566,0.104,0.196,1.7095,0.9818,2027.205,2226.445,NA,NA,4,34.2,-121.1,2015,15.39566667,0.255527626,30,2015-04-16T00:00:00Z,16T00:00:00Z,-121.248333,-121.048333,34.051666,34.251666,15.42,0.355824,-121.148333,34.151666,15.3985,y,16.41530303,0.277162418,0.079699874,30,2015-04-01T00:00:00Z,01T00:00:00Z,-121.248333,-121.048333,34.051666,34.251666,0.246947825,0.061405754,-121.148333,34.151666,0.284534632,y,0.42170688
59,X2015_4_86.7_50,1504_86.7_50,6/28/19,14,125,low_normal_orange,Miu_1_b_29,33877,2015-04-04-C-32NM,201504,2.02E+13,8670500,20-1504NM-MX-101-2307-08670500,086.7 050.0,2,ST,-70.72,4/11/15,37357,101,12/30/1899 23:07:41,33.32897,33,19.738,N,-119.6576,-119,39.456,W,86.7,86.7,50,49.9,76,8,NA,RV NEW HORIZON,32NM,MX,38,444,1,86.7 50.0,3101,1504,112,NA,,,,,NA,30,3,6,31,14,1012.3,16.9,13.8,1,2,1,8,12.267875,33.3863875,4.91,80.79714286,10.37,0.998571429,10.29571429,0.100142857,0.105714286,1.446857143,0.579,NA,NA,NA,NA,4,33.3,-119.7,2015,15.42451613,0.567801836,31,2015-04-16T00:00:00Z,16T00:00:00Z,-119.761666,-119.561666,33.225,33.425,15.42,0.385476,-119.661666,33.325,15.80240092,y,16.77605209,0.898661923,0.130137962,36,2015-04-01T00:00:00Z,01T00:00:00Z,-119.761666,-119.561666,33.225,33.425,0.897187948,0.104000749,-119.661666,33.325,0.668573045,y,0.46205939
60,X2015_4_93.3_30,1504_93.3_30,6/28/19,14,125,normal_orange,Miu_1_b_30,33902,2015-04-04-C-32NM,201504,2.02E+13,9330300,20-1504NM-MX-095-0513-09330300,093.3 030.0,2,ST,-15.617,4/5/15,37351,95,12/30/1899 05:13:33,32.84228,32,50.537,N,-117.53622,-117,32.173,W,93.3,93.3,30,30.1,874,NA,NA,RV NEW HORIZON,32NM,MX,5,44,1,93.3 30.0,3101,1504,29.9,NA,,,,,NA,NA,NA,NA,33,1,1011.8,18,16,NA,NA,NA,NA,12.60977778,33.39784444,4.811777778,80.54888889,10.40777778,1.008888889,10.01222222,0.057444444,0.01,0.320888889,0.240666667,2051.93,2223.695,NA,NA,4,32.8,-117.5,2015,18.10833333,0.146823509,36,2015-04-16T00:00:00Z,16T00:00:00Z,-117.626666,-117.426666,32.748333,32.948333,18.1,0.177912,-117.526666,32.848333,18.01875,y,19.57430556,0.267967793,0.047620151,36,2015-04-01T00:00:00Z,01T00:00:00Z,-117.626666,-117.426666,32.748333,32.948333,0.262946874,0.036846084,-117.526666,32.848333,0.228788923,y,0.188867875
61,X2015_4_93.3_60,1504_93.3_60,6/28/19,14,125,low_normal_orange,Miu_1_b_31,33908,2015-04-04-C-32NM,201504,2.02E+13,9330600,20-1504NM-MX-096-0626-09330600,093.3 060.0,2,ST,-134.659,4/6/15,37352,96,12/30/1899 06:26:11,31.84518,31,50.711,N,-119.56667,-119,34,W,93.3,93.3,60,60,1845,NA,NA,RV NEW HORIZON,32NM,MX,11,114,1,93.3 60.0,3101,1504,24.9,NA,,,,,NA,NA,NA,NA,31,17,1013,16.5,13.8,NA,NA,NA,NA,15.2265,33.29664,5.5881,97.721,3.216,0.473,1.583,0.0462,0.001,0.2103,0.1387,NA,NA,NA,NA,4,31.8,-119.6,2015,16.62472222,0.231646111,36,2015-04-16T00:00:00Z,16T00:00:00Z,-119.671666,-119.471666,31.748333,31.948333,16.64,0.207564,-119.571666,31.848333,16.76430556,y,17.75031746,0.157446243,0.013220553,36,2015-04-01T00:00:00Z,01T00:00:00Z,-119.671666,-119.471666,31.748333,31.948333,0.151730075,0.006460322,-119.571666,31.848333,0.142767383,y,0.164246124
62,X2016_4_86.7_50,1604_86.7_50,7/1/19,15,125,full,Miu_1_b_32,34221,2016-04-01-C-325S,201604,2.02E+13,8670500,20-16045S-MX-099-0306-08670500,086.7 050.0,2,ST,-71.068,4/9/16,37355,99,12/30/1899 03:06:12,33.31567,33,18.94,N,-119.65623,-119,39.374,W,86.7,86.7,50,50,76,NA,NA,RV BELL M SHIMADA,325S,MX,42,514,2,86.7 50.0,3101,1604,165.2,NA,,,,,NA,NA,NA,NA,13,6,1013.4,15.3,14.4,NA,NA,NA,NA,13.19444444,33.48128889,6.18875,103.8725,2.65875,0.635,3.36625,0.13875,1.01,2.919375,1.543125,NA,NA,NA,NA,4,33.3,-119.7,2016,14.78970588,0.391256603,34,2016-04-16T00:00:00Z,16T00:00:00Z,-119.761666,-119.561666,33.225,33.425,14.84,0.415128,-119.661666,33.325,14.81128151,y,16.9316106,0.728526754,0.153190831,36,2016-04-01T00:00:00Z,01T00:00:00Z,-119.761666,-119.561666,33.225,33.425,0.728860319,0.188377118,-119.661666,33.325,0.822008782,y,0.556089822
63,X2016_4_93.3_30,1604_93.3_30,7/1/19,15,125,normal,Miu_1_b_34,34248,2016-04-01-C-325S,201604,2.02E+13,9330300,20-16045S-MX-092-0536-09330300,093.3 030.0,2,ST,-15.44,4/2/16,37348,92,12/30/1899 05:36:55,32.84232,32,50.539,N,-117.53212,-117,31.927,W,93.3,93.3,30,30,875,NA,NA,RV BELL M SHIMADA,325S,MX,5,43,1,93.3 30.0,3101,1604,35.7,NA,,,,,NA,NA,NA,NA,33,1,1020.5,15.2,13.7,NA,NA,NA,NA,13.42777778,33.50824444,4.551777778,77.31222222,8.982222222,0.956666667,8.904444444,0.084555556,0.488888889,0.380666667,0.220555556,NA,NA,NA,NA,4,32.8,-117.5,2016,17.74027778,0.155223086,36,2016-04-16T00:00:00Z,16T00:00:00Z,-117.626666,-117.426666,32.748333,32.948333,17.745,0.200151,-117.526666,32.848333,17.40013889,y,19.7060959,0.23979694,0.036218943,36,2016-04-01T00:00:00Z,01T00:00:00Z,-117.626666,-117.426666,32.748333,32.948333,0.228684872,0.027435954,-117.526666,32.848333,0.244959274,y,0.273472616
64,X2016_4_93.3_60,1604_93.3_60,7/1/19,15,125,normal,Miu_1_b_35,34254,2016-04-01-C-325S,201604,2.02E+13,9330600,20-16045S-MX-093-0532-09330600,093.3 060.0,2,ST,-134.948,4/3/16,37349,93,12/30/1899 05:32:33,31.84073,31,50.444,N,-119.57013,-119,34.208,W,93.3,93.3,60,60,1807,NA,NA,RV BELL M SHIMADA,325S,MX,11,119,1,93.3 60.0,3101,1604,33.4,NA,,,,,NA,NA,NA,NA,33,17,1020.1,13.6,12.5,NA,NA,NA,NA,14.47225,33.36140833,5.514916667,95.175,3.763333333,0.505,2.410833333,0.018,0.05,0.327583333,0.148833333,NA,NA,NA,NA,4,31.8,-119.6,2016,16.50944444,0.288106572,36,2016-04-16T00:00:00Z,16T00:00:00Z,-119.671666,-119.471666,31.748333,31.948333,16.45,0.22239,-119.571666,31.848333,16.16208333,y,18.24736652,0.252892184,0.027120267,36,2016-04-01T00:00:00Z,01T00:00:00Z,-119.671666,-119.471666,31.748333,31.948333,0.257203311,0.033243731,-119.571666,31.848333,0.245044286,y,0.196184933
65,X2017_4_80_60,1704_80_60,7/1/19,15,125,normal_organge,Miu_1_b_36,34527,2017-03-29-C-325S,201704,2.02E+13,8000600,20-17045S-MX-101-0107-08000600,080.0 060.0,2,ST,-38.645,4/11/17,37357,101,12/30/1899 01:07:31,34.14817,34,8.89,N,-121.15233,-121,9.14,W,80,80,60,60,2177,12,NA,RV BELL M SHIMADA,325S,MX,63,807,1,80.0 60.0,3101,1704,39.3,NA,,,,,NA,31,6,7,31,23,1017.3,14.1,12.9,0,NA,0,8,12.02227273,33.41943636,5.0409,82.778,10.256,0.929,10.171,0.1517,0.084,0.413,0.3311,NA,NA,NA,NA,4,34.2,-121.1,2017,12.96266667,0.110763287,30,2017-04-16T00:00:00Z,16T00:00:00Z,-121.248333,-121.048333,34.051666,34.251666,12.96,0.111195,-121.148333,34.151666,13.13233333,y,14.97752778,0.732565427,0.176090328,30,2017-04-01T00:00:00Z,01T00:00:00Z,-121.248333,-121.048333,34.051666,34.251666,0.699494302,0.131915458,-121.148333,34.151666,0.726909034,y,0.78599206
66,X2017_4_86.7_50,1704_86.7_50,7/1/19,15,125,low,Miu_1_b_37,34550,2017-03-29-C-325S,201704,2.02E+13,8670500,20-17045S-MX-096-0512-08670500,086.7 050.0,2,ST,-70.991,4/6/17,37352,96,12/30/1899 05:12:30,33.32372,33,19.423,N,-119.66018,-119,39.611,W,86.7,86.7,50,50,79,NA,NA,RV BELL M SHIMADA,325S,MX,39,497,1,86.7 50.0,3101,1704,50.3,NA,,,,,NA,NA,NA,NA,28,7,1016.5,14.8,14,NA,NA,NA,NA,12.38025,33.44885,4.953142857,81.86285714,11.11571429,0.991428571,10.81714286,0.195285714,0.314285714,0.658285714,0.239142857,NA,NA,NA,NA,4,33.3,-119.7,2017,14.01606061,0.288421777,33,2017-04-16T00:00:00Z,16T00:00:00Z,-119.761666,-119.561666,33.225,33.425,13.95,0.281694,-119.661666,33.325,13.9360303,y,15.85671821,1.140490164,0.148230755,35,2017-04-01T00:00:00Z,01T00:00:00Z,-119.761666,-119.561666,33.225,33.425,1.1669029,0.147593196,-119.661666,33.325,0.881471869,y,0.836089403
67,X2017_3_93.3_60,1704_93.3_60,7/1/19,16,125,low,Miu_1_b_38,34583,2017-03-29-C-325S,201704,2.02E+13,9330600,20-17045S-MX-089-1434-09330600,093.3 060.0,1,ST,-134.959,3/30/17,37345,89,12/30/1899 14:34:40,31.84467,31,50.68,N,-119.57317,-119,34.39,W,93.3,93.3,60,60,1771,15,NA,RV BELL M SHIMADA,325S,MX,11,123,1,93.3 60.0,3101,1704,47.5,NA,,,,,NA,29,8,9,32,24,1015.9,14.9,14,1,7,3,5,14.32636364,33.31139091,5.512,94.82454545,3.409090909,0.445454545,2.555454545,0.060363636,0,0.493090909,0.199545455,NA,NA,NA,NA,3,31.8,-119.6,2017,15.03944444,0.081273592,36,2017-04-16T00:00:00Z,16T00:00:00Z,-119.671666,-119.471666,31.748333,31.948333,15.045,0.07413,-119.571666,31.848333,15.11652778,y,16.98057026,0.389404115,0.029574534,36,2017-04-01T00:00:00Z,01T00:00:00Z,-119.671666,-119.471666,31.748333,31.948333,0.389199033,0.028277423,-119.571666,31.848333,0.32580836,y,0.250375401
68,X2018_4_80_60,1804_80_60,7/1/19,16,125,normal,Miu_1_b_39,34822,2018-04-05-C-325S,201804,2.02E+13,8000600,20-18045S-MX-108-0736-08000600,080.0 060.0,2,ST,-39.153,4/18/18,37364,108,12/30/1899 07:36:46,34.14462,34,8.677,N,-121.1617,-121,9.702,W,80,80,60,60.2,2222,NA,NA,RV BELL M SHIMADA,325S,MX,63,822,1,80.0 60.0,3101,1804,330.5,NA,,,,,NA,NA,NA,NA,34,24,1019,12.4,9.8,NA,NA,NA,NA,12.74111111,33.51831111,5.96,99.14555556,3.321111111,0.5,4.1,0.182333333,0.413333333,3.603222222,0.888444444,NA,NA,NA,NA,4,34.2,-121.1,2018,13.612,0.346384279,30,2018-04-16T00:00:00Z,16T00:00:00Z,-121.248333,-121.048333,34.051666,34.251666,13.655,0.318759,-121.148333,34.151666,13.71133333,y,15.292125,0.596528608,0.125511472,30,2018-04-01T00:00:00Z,01T00:00:00Z,-121.248333,-121.048333,34.051666,34.251666,0.603783786,0.125394426,-121.148333,34.151666,0.511681453,y,0.646788285
69,X2018_4_86.7_50,1804_86.7_50,7/1/19,16,125,low,Miu_1_b_40,34845,2018-04-05-C-325S,201804,2.02E+13,8670500,20-18045S-PR-102-1535-08670500,086.7 050.0,2,ST,-71.306,4/12/18,37358,102,12/30/1899 15:35:02,33.31112,33,18.667,N,-119.6585,-119,39.51,W,86.7,86.8,50,50,74,9,NA,RV BELL M SHIMADA,325S,PR,39,509,1,86.7 50.0,3101,1804,141.7,969,12/30/1899 11:55:00,12/30/1899 18:52:00,12/30/1899 12:00:00,12/30/1899 18:52:00,8,30,10,6,33,31,1018.7,12.3,9.2,0,NA,0,8,12.8748,33.55043,5.56725,92.845,6.73625,0.63,5.58375,0.1665,0.07875,2.351125,0.655125,NA,NA,0.039333333,NA,4,33.3,-119.7,2018,13.33055556,0.338171085,36,2018-04-16T00:00:00Z,16T00:00:00Z,-119.761666,-119.561666,33.225,33.425,13.3,0.340998,-119.661666,33.325,13.56436869,y,15.98864344,1.078482798,0.129029492,35,2018-04-01T00:00:00Z,01T00:00:00Z,-119.761666,-119.561666,33.225,33.425,1.094657063,0.106711892,-119.661666,33.325,0.826590947,y,0.711313171
70,X2018_4_93.3_30,1804_93.3_30,7/1/19,16,125,low_normal_orange,Miu_1_b_42,34872,2018-04-05-C-325S,201804,2.02E+13,9330300,20-18045S-MX-096-0556-09330300,093.3 030.0,2,ST,-14.93,4/6/18,37352,96,12/30/1899 05:56:25,32.84637,32,50.782,N,-117.5232,-117,31.392,W,93.3,93.3,30,29.9,827,NA,NA,RV BELL M SHIMADA,325S,MX,5,41,1,93.3 30.0,3101,1804,28.8,NA,,,,,NA,NA,NA,NA,31,7,1016.6,14.8,12.8,NA,NA,NA,NA,12.813,33.57794444,4.460666667,75.13111111,9.945555556,0.937777778,10.32666667,0.033666667,0,0.306555556,0.208666667,NA,NA,NA,NA,4,32.8,-117.5,2018,16.28888889,0.243307892,36,2018-04-16T00:00:00Z,16T00:00:00Z,-117.626666,-117.426666,32.748333,32.948333,16.335,0.214977,-117.526666,32.848333,15.85263889,y,18.74397788,0.307385327,0.065871233,36,2018-04-01T00:00:00Z,01T00:00:00Z,-117.626666,-117.426666,32.748333,32.948333,0.281310529,0.024381241,-117.526666,32.848333,0.345255312,y,0.357432141
71,X2018_4_93.3_60,1804_93.3_60,7/1/19,16,125,low_normal_orange,Miu_1_b_43,34878,2018-04-05-C-325S,201804,2.02E+13,9330600,20-18045S-MX-097-0523-09330600,093.3 060.0,2,ST,-134.868,4/7/18,37353,97,12/30/1899 05:23:20,31.84667,31,50.8,N,-119.5725,-119,34.35,W,93.3,93.3,60,60,1899,NA,NA,RV BELL M SHIMADA,325S,MX,11,120,1,93.3 60.0,3101,1804,25.4,NA,,,,,NA,NA,NA,NA,28,11,1017.5,15.4,14.7,NA,NA,NA,NA,15.09333333,33.55637778,5.641,98.57888889,2.612222222,0.301111111,1.163333333,0.028666667,NA,0.217777778,0.135111111,NA,NA,NA,NA,4,31.8,-119.6,2018,14.78527778,0.336515643,36,2018-04-16T00:00:00Z,16T00:00:00Z,-119.671666,-119.471666,31.748333,31.948333,14.695,0.44478,-119.571666,31.848333,15.17430556,y,16.89245556,0.188787416,0.028789339,36,2018-04-01T00:00:00Z,01T00:00:00Z,-119.671666,-119.471666,31.748333,31.948333,0.194900192,0.032171518,-119.571666,31.848333,0.186144662,y,0.252263713
72,X2019_4_80_60,1904_80_60,7/1/19,17,125,full,Miu_1_b_44,35070,2019-04-02-C-33RL,201904,2.02E+13,8000600,20-1904RL-PR-105-1604-08000600,080.0 060.0,2,ST,-38.709,4/15/19,37361,105,12/30/1899 16:04:56,34.14882,34,8.929,N,-121.15433,-121,9.26,W,80,80,60,60.1,2223,17,NA,RV REUBEN LASKER,33RL,PR,58,634,1,80.0 60.0,3101,1904,79.6,504.1,12/30/1899 12:00:00,12/30/1899 19:05:00,12/30/1899 12:05:00,12/30/1899 19:06:00,8,32,4,5,32,18,1013.3,15.4,12.8,1,7,3,7,12.44675,33.52025,5.3146875,87.72725,8.183571429,0.784285714,7.96,0.2035,0.182142857,0.908785714,0.374357143,NA,NA,0.1154,NA,4,34.2,-121.1,2019,13.76233333,0.325127915,30,2019-04-16T00:00:00Z,16T00:00:00Z,-121.248333,-121.048333,34.051666,34.251666,13.76,0.333585,-121.148333,34.151666,14.00816667,y,15.48436111,0.513610088,0.079935862,30,2019-04-01T00:00:00Z,01T00:00:00Z,-121.248333,-121.048333,34.051666,34.251666,0.506075501,0.100258131,-121.148333,34.151666,0.410212641,y,0.550517765
73,X2019_4_86.7_50,1904_86.7_50,7/1/19,17,125,low,Miu_1_b_46,35090,2019-04-02-C-33RL,201904,2.02E+13,8670500,20-1904RL-MX-098-2320-08670500,086.7 050.0,2,ST,-71.284,4/8/19,37354,98,12/30/1899 23:20:54,33.32117,33,19.27,N,-119.66517,-119,39.91,W,86.7,86.7,50,50,72,NA,NA,RV REUBEN LASKER,33RL,MX,32,371,1,86.7 50.0,3101,1904,50.5,NA,,,,,NA,29,8,10,32,25,1017.1,16.9,14.9,1,6,7,7,13.07883333,33.59661667,5.322,89.50333333,6.248333333,0.626666667,5.725,0.206666667,0.183333333,0.761833333,0.479333333,NA,NA,NA,NA,4,33.3,-119.7,2019,14.242,0.410235227,35,2019-04-16T00:00:00Z,16T00:00:00Z,-119.761666,-119.561666,33.225,33.425,14.27,0.29652,-119.661666,33.325,14.35058333,y,16.16225728,0.582012293,0.081504401,36,2019-04-01T00:00:00Z,01T00:00:00Z,-119.761666,-119.561666,33.225,33.425,0.597490698,0.075766009,-119.661666,33.325,0.471362484,y,0.61225311
74,X2019_4_93.3_30,1904_93.3_30,7/1/19,17,125,normal_organge,Miu_1_b_47,35114,2019-04-02-C-33RL,201904,2.02E+13,9330300,20-1904RL-MX-093-0422-09330300,093.3 030.0,2,ST,-15.171,4/3/19,37349,93,12/30/1899 04:22:46,32.845,32,50.7,N,-117.52782,-117,31.669,W,93.3,93.3,30,30,822,NA,NA,RV REUBEN LASKER,33RL,MX,4,33,1,93.3 30.0,3101,1904,37.5,NA,,,,,NA,NA,NA,NA,26,7,1015.3,17,13.8,NA,NA,NA,NA,13.0152,33.61407,5.0269,84.671,7.269,0.709,6.93,0.0881,0.107,0.3844,0.2283,NA,NA,NA,NA,4,32.8,-117.5,2019,16.85527778,0.092039933,36,2019-04-16T00:00:00Z,16T00:00:00Z,-117.626666,-117.426666,32.748333,32.948333,16.875,0.103782,-117.526666,32.848333,16.14791667,y,18.75865741,0.351912479,0.118998202,36,2019-04-01T00:00:00Z,01T00:00:00Z,-117.626666,-117.426666,32.748333,32.948333,0.33756119,0.138929306,-117.526666,32.848333,0.299539533,y,0.299184102
75,X2019_4_93.3_60,1904_93.3_60,7/1/19,17,125,low_orange,Miu_1_b_48,35120,2019-04-02-C-33RL,201904,2.02E+13,9330600,20-1904RL-MX-094-0418-09330600,093.3 060.0,2,ST,-134.943,4/4/19,37350,94,12/30/1899 04:18:11,31.84682,31,50.809,N,-119.57432,-119,34.459,W,93.3,93.3,60,60,1874,NA,NA,RV REUBEN LASKER,33RL,MX,10,99,1,93.3 60.0,3101,1904,40.8,NA,,,,,NA,NA,NA,NA,34,6,1018.3,16,14.8,NA,NA,NA,NA,13.85877778,33.64433333,5.202555556,89.04888889,5.106666667,0.558888889,4.708888889,0.044777778,0.121111111,0.437222222,0.257777778,NA,NA,NA,NA,4,31.8,-119.6,2019,15.73472222,0.515627142,36,2019-04-16T00:00:00Z,16T00:00:00Z,-119.671666,-119.471666,31.748333,31.948333,15.83,0.59304,-119.571666,31.848333,15.72625,y,17.17333862,0.177738525,0.015894903,36,2019-04-01T00:00:00Z,01T00:00:00Z,-119.671666,-119.471666,31.748333,31.948333,0.175654486,0.014343299,-119.571666,31.848333,0.222215519,y,0.265884242
76,X1996_4_80_60,9604_80_60,6/25/19,2,125,normal,Miu_1_a_01,28226,1996-04-15-C-31JD,199604,2.00E+13,8000600,19-9604JD-MX-119-1040-08000600,080.0 060.0,2,ST,-38.29,4/28/96,35183,119,12/30/1899 10:40:00,34.151666,34,9.1,N,-121.148333,-121,8.9,W,80,80,60,60,4181,NA,NA,RV DAVID STARR JORDAN,31JD,MX,53,522,NA,80   60,3101,9604,44.1,NA,,,,,NA,NA,NA,NA,34,25,1012.2,13.9,12.8,NA,NA,NA,NA,11.7475,33.34791667,5.123636364,83.82727273,9.836363636,0.957272727,9.3,0.161818182,NA,0.479090909,0.283636364,NA,NA,NA,NA,4,34.2,-121.1,1996,13.78033333,0.39509478,30,1996-04-16T00:00:00Z,16T00:00:00Z,-121.248333,-121.048333,34.051666,34.251666,13.685,0.177912,-121.148333,34.151666,14.17616667,y,14.57662037,NA,NA,NA,NA,NA,NA,NA,NA,NA,NA,NA,NA,NA,NA,NA,NA
77,X1996_4_86.7_50,9604_86.7_50,6/25/19,2,125,normal,Miu_1_a_02,28205,1996-04-15-C-31JD,199604,2.00E+13,8670500,19-9604JD-MX-114-1309-08670500,086.7 050.0,2,ST,-70.91,4/23/96,35178,114,12/30/1899 13:09:00,33.325,33,19.5,N,-119.661666,-119,39.7,W,86.7,86.7,50,50,78,NA,NA,RV DAVID STARR JORDAN,31JD,MX,32,312,NA,87   50,3101,9604,61.7,NA,,,,,NA,26,4,6,30,12,1018.3,13.5,12.8,0,NA,0,6,10.51333333,33.76644444,3.663333333,58.43333333,22.32222222,1.615555556,19.13333333,0.168888889,NA,1.74,0.99,NA,NA,NA,NA,4,33.3,-119.7,1996,14.20166667,0.43842259,30,1996-04-16T00:00:00Z,16T00:00:00Z,-119.761666,-119.561666,33.225,33.425,14.25,0.111195,-119.661666,33.325,14.15783333,y,15.17834196,NA,NA,NA,NA,NA,NA,NA,NA,NA,NA,NA,NA,NA,NA,NA,NA
78,X1996_4_93.3_30,9604_93.3_30,6/24/19,1,125,normal,Miu_1_a_03,28176,1996-04-15-C-31JD,199604,2.00E+13,9330300,19-9604JD-MX-107-0152-09330300,093.3 030.0,2,ST,-14.53,4/16/96,35171,107,12/30/1899 01:52:00,32.848333,32,50.9,N,-117.526666,-117,31.6,W,93.3,93.3,30,29.9,827,NA,NA,RV DAVID STARR JORDAN,31JD,MX,3,22,NA,93   30,3101,9604,41.3,NA,,,,,NA,29,2,3,31,10,1015.9,18.5,15.2,1,0,5,7,13.17333333,33.58844444,4.591111111,77.91111111,10.74444444,0.882222222,9.455555556,0.053333333,NA,0.444444444,0.273333333,NA,NA,NA,NA,4,32.8,-117.5,1996,17.39888889,0.128636315,36,1996-04-16T00:00:00Z,16T00:00:00Z,-117.626666,-117.426666,32.748333,32.948333,17.375,0.111195,-117.526666,32.848333,16.69694444,y,18.45034959,NA,NA,NA,NA,NA,NA,NA,NA,NA,NA,NA,NA,NA,NA,NA,NA
79,X1996_4_93.3_60,9604_93.3_60,6/25/19,2,125,normal,Miu_1_a_04,28182,1996-04-15-C-31JD,199604,2.00E+13,9330600,19-9604JD-MX-108-0632-09330600,093.3 060.0,2,ST,-134.28,4/17/96,35172,108,12/30/1899 06:32:00,31.848333,31,50.9,N,-119.571666,-119,34.3,W,93.3,93.3,60,60,1857,NA,NA,RV DAVID STARR JORDAN,31JD,MX,9,82,NA,93   60,3101,9604,34.8,NA,,,,,NA,NA,NA,NA,21,9,1017.8,17,16.2,NA,NA,NA,NA,13.62363636,33.33772727,5.649090909,95.74545455,5.527272727,0.487272727,2.7,0.04,NA,0.317272727,0.241818182,NA,NA,NA,NA,4,31.8,-119.6,1996,15.8725,0.201116526,36,1996-04-16T00:00:00Z,16T00:00:00Z,-119.671666,-119.471666,31.748333,31.948333,15.855,0.229803,-119.571666,31.848333,15.62958333,y,16.6108057,NA,NA,NA,NA,NA,NA,NA,NA,NA,NA,NA,NA,NA,NA,NA,NA
80,X1998_4_80_60,9804_80_60,6/25/19,2,125,low_normal,Miu_1_a_05,28798,1998-04-02-C-31JD,199804,2.00E+13,8000600,19-9804JD-MX-105-1050-08000600,080.0 060.0,2,ST,-38.15,4/15/98,35900,105,12/30/1899 10:50:00,34.151666,34,9.1,N,-121.145,-121,8.7,W,80,80,60,59.9,2154,NA,NA,RV DAVID STARR JORDAN,31JD,MX,54,532,NA,80   60,3101,9804,48.8,NA,,,,,NA,NA,NA,NA,33,17,1017.2,11.5,9.6,NA,NA,NA,NA,13.78916667,33.25208333,5.495,93.36666667,4.325,0.4975,3,0.065,NA,0.465,0.24,NA,NA,NA,NA,4,34.2,-121.1,1998,14.08533333,0.157671272,30,1998-04-16T00:00:00Z,16T00:00:00Z,-121.248333,-121.048333,34.051666,34.251666,14.11,0.118608,-121.148333,34.151666,14.34833333,y,16.20735714,0.458050465,0.186242012,30,1998-04-01T00:00:00Z,01T00:00:00Z,-121.248333,-121.048333,34.051666,34.251666,0.394075021,0.190734052,-121.148333,34.151666,0.376399686,y,0.327247008
81,X1998_4_86.7_50,9804_86.7_50,6/25/19,2,125,crust,Miu_1_a_06,28777,1998-04-02-C-31JD,199804,2.00E+13,8670500,19-9804JD-MX-100-0641-08670500,086.7 050.0,2,ST,-71.03,4/10/98,35895,100,12/30/1899 06:41:00,33.323333,33,19.4,N,-119.663333,-119,39.8,W,86.7,86.7,50,50,79,NA,NA,RV DAVID STARR JORDAN,31JD,MX,33,322,NA,87   50,3101,9804,45.4,NA,,,,,NA,NA,NA,NA,30,14,1020,14.9,13.9,NA,NA,NA,NA,13.83142857,33.32,5.607142857,95.31428571,4.414285714,0.491428571,2.342857143,0.071428571,NA,0.652857143,0.404285714,NA,NA,NA,NA,4,33.3,-119.7,1998,14.84290323,0.163670269,31,1998-04-16T00:00:00Z,16T00:00:00Z,-119.761666,-119.561666,33.225,33.425,14.93,0.088956,-119.661666,33.325,14.75445161,y,16.74242783,0.536857405,0.09501066,36,1998-04-01T00:00:00Z,01T00:00:00Z,-119.761666,-119.561666,33.225,33.425,0.530917108,0.115163981,-119.661666,33.325,0.498029542,y,0.363190561
82,X1998_4_93.3_30,9804_93.3_30,6/26/19,3,125,crust,Miu_1_a_07,28747,1998-04-02-C-31JD,199804,2.00E+13,9330300,19-9804JD-MX-093-0537-09330300,093.3 030.0,2,ST,-14.61,4/3/98,35888,93,12/30/1899 05:37:00,32.848333,32,50.9,N,-117.528333,-117,31.7,W,93.3,93.3,30,30,836,NA,NA,RV DAVID STARR JORDAN,31JD,MX,3,22,NA,93   30,3101,9804,66.4,NA,,,,,NA,NA,NA,NA,30,6,1022.4,15.2,12.8,NA,NA,NA,NA,13.77818182,33.70790909,4.365454545,74.97272727,9.709090909,0.946363636,9.072727273,0.023636364,NA,0.602727273,0.295454545,NA,NA,NA,NA,4,32.8,-117.5,1998,16.65555556,0.077439172,36,1998-04-16T00:00:00Z,16T00:00:00Z,-117.626666,-117.426666,32.748333,32.948333,16.645,0.088956,-117.526666,32.848333,16.79402778,y,19.36061632,0.37210173,0.045584985,36,1998-04-01T00:00:00Z,01T00:00:00Z,-117.626666,-117.426666,32.748333,32.948333,0.361106262,0.028724839,-117.526666,32.848333,0.341767367,y,0.28435329
83,X1998_4_93.3_60,9804_93.3_60,6/25/19,2,125,low_normal,Miu_1_a_08,28753,1998-04-02-C-31JD,199804,2.00E+13,9330600,19-9804JD-MX-094-0953-09330600,093.3 060.0,2,ST,-134.33,4/4/98,35889,94,12/30/1899 09:53:00,31.846666,31,50.8,N,-119.571666,-119,34.3,W,93.3,93.3,60,60,1818,NA,NA,RV DAVID STARR JORDAN,31JD,MX,9,82,NA,93   60,3101,9804,28.5,NA,,,,,NA,NA,NA,NA,29,5,1017.1,14.8,11.2,NA,NA,NA,NA,15.175,33.38916667,5.8075,101.45,2.15,0.29,0.008333333,0.005833333,NA,0.215833333,0.0825,NA,NA,NA,NA,4,31.8,-119.6,1998,15.6325,0.046004658,36,1998-04-16T00:00:00Z,16T00:00:00Z,-119.671666,-119.471666,31.748333,31.948333,15.63,0.051891,-119.571666,31.848333,15.75208333,y,17.53563461,0.128818197,0.008943195,36,1998-04-01T00:00:00Z,01T00:00:00Z,-119.671666,-119.471666,31.748333,31.948333,0.128685966,0.00794509,-119.571666,31.848333,0.141291172,y,0.158767247
84,X1999_4_80_60,9904_80_60,6/26/19,3,125,low_normal,Miu_1_a_09,29194,1999-04-01-C-31JD,199904,2.00E+13,8000600,19-9904JD-MX-103-0703-08000600,080.0 060.0,2,ST,-38.17,4/13/99,36263,103,12/30/1899 07:03:00,34.153333,34,9.2,N,-121.146666,-121,8.8,W,80,80,60,59.9,2159,NA,NA,RV DAVID STARR JORDAN,31JD,MX,54,532,NA,80   60,3101,9904,364.1,NA,,,,,NA,NA,NA,NA,35,21,1023.9,11.5,10,NA,NA,NA,NA,9.975555556,33.91188889,4.156666667,65.61111111,25.68888889,1.712222222,20.73333333,0.19,NA,3.36,0.754444444,NA,NA,NA,NA,4,34.2,-121.1,1999,11.439,0.286950074,30,1999-04-16T00:00:00Z,16T00:00:00Z,-121.248333,-121.048333,34.051666,34.251666,11.485,0.340998,-121.148333,34.151666,11.80733333,y,14.31861015,0.887518738,0.177455365,30,1999-04-01T00:00:00Z,01T00:00:00Z,-121.248333,-121.048333,34.051666,34.251666,0.848019332,0.217259609,-121.148333,34.151666,0.791737536,y,0.598030308
85,X1999_4_86.7_50,9904_86.7_50,6/26/19,3,125,low_normal,Miu_1_a_10,29173,1999-04-01-C-31JD,199904,2.00E+13,8670500,19-9904JD-PR-098-1825-08670500,086.7 050.0,2,ST,-70.98,4/8/99,36258,98,12/30/1899 18:25:00,33.325,33,19.5,N,-119.663333,-119,39.8,W,86.7,86.7,50,50,75,8,NA,RV DAVID STARR JORDAN,31JD,PR,33,322,NA,87   50,3101,9904,175.9,1172.6,12/30/1899 12:01:00,12/30/1899 18:51:00,12/30/1899 12:01:00,12/30/1899 18:51:00,8,28,1,5,12,2,1026.9,12.1,9.9,5,5,8,5,11.57727273,33.74145455,5.139090909,83.76363636,14.55454545,1.073636364,11.62727273,0.141818182,NA,2.787272727,0.482727273,NA,NA,0.048571429,NA,4,33.3,-119.7,1999,12.20558824,0.434289327,34,1999-04-16T00:00:00Z,16T00:00:00Z,-119.761666,-119.561666,33.225,33.425,12.11,0.214977,-119.661666,33.325,12.47485294,y,15.26069923,0.993029444,0.12155885,36,1999-04-01T00:00:00Z,01T00:00:00Z,-119.761666,-119.561666,33.225,33.425,0.988025516,0.127884644,-119.661666,33.325,0.725476044,y,0.60373722
86,X1999_4_93.3_30,9904_93.3_30,6/26/19,3,125,low,Miu_1_a_11,29143,1999-04-01-C-31JD,199904,2.00E+13,9330300,19-9904JD-MX-092-0219-09330300,093.3 030.0,2,ST,-14.77,4/2/99,36252,92,12/30/1899 02:19:00,32.845,32,50.7,N,-117.53,-117,31.8,W,93.3,93.3,30,30,849,NA,NA,RV DAVID STARR JORDAN,31JD,MX,3,22,NA,93   30,3101,9904,49.4,NA,,,,,NA,30,3,7,1,2,1008.9,8.4,7,8,8,7,6,12.405,33.61225,5.019090909,83.79090909,9.990909091,0.843636364,8.063636364,0.067272727,NA,0.59,0.239090909,NA,NA,NA,NA,4,32.8,-117.5,1999,13.86666667,0.315703297,36,1999-04-16T00:00:00Z,16T00:00:00Z,-117.626666,-117.426666,32.748333,32.948333,13.78,0.170499,-117.526666,32.848333,14.05208333,y,17.56356481,0.522456493,0.092395306,36,1999-04-01T00:00:00Z,01T00:00:00Z,-117.626666,-117.426666,32.748333,32.948333,0.521690011,0.085436586,-117.526666,32.848333,0.399187298,y,0.303799232
87,X1999_4_93.3_60,9904_93.3_60,6/26/19,3,125,low_normal,Miu_1_a_12,29149,1999-04-01-C-31JD,199904,2.00E+13,9330600,19-9904JD-MX-093-0420-09330600,093.3 060.0,2,ST,-134.08,4/3/99,36253,93,12/30/1899 04:20:00,31.85,31,51,N,-119.568333,-119,34.1,W,93.3,93.3,60,59.9,1915,NA,NA,RV DAVID STARR JORDAN,31JD,MX,9,82,NA,93   60,3101,9904,36.2,NA,,,,,NA,NA,NA,NA,32,15,1018.5,12.9,10,NA,NA,NA,NA,12.82636364,33.38709091,5.66,94.33636364,6.163636364,0.589090909,3.954545455,0.057272727,NA,0.348181818,0.148181818,NA,NA,NA,NA,4,31.8,-119.6,1999,13.565,0.197708299,36,1999-04-16T00:00:00Z,16T00:00:00Z,-119.671666,-119.471666,31.748333,31.948333,13.58,0.192738,-119.571666,31.848333,13.51430556,y,16.13683201,0.411468758,0.038829012,36,1999-04-01T00:00:00Z,01T00:00:00Z,-119.671666,-119.471666,31.748333,31.948333,0.413738117,0.040450325,-119.571666,31.848333,0.340239626,y,0.246497277