Seq_number,Sample Name,Jar,Sample Number,Sample Name,Jar,,Jar_improved,Barcode,New_name,Location,Year,ext_rep,tech_rep,Sample_Control,Control_Type,Date,Lat,Lon,Lat Lon,Volume
CO1_ETOHJAR.0001.S61.L002,Tech_rep_1_9604_80_60,9604_80_60,1,Tech_rep_1_9604_80_60,9604_80_60,,1996_4_80_60,CO1,CO1_1996_4_80_60_1_1,1996_4_80_60,1996,1,1,Sample,NA,4/28/96,34.151666,-121.148333,34.151666 N 121.148333 W,125
CO1_ETOHJAR.0002.S62.L002,Tech_rep_1_9604_86.7_50,9604_86.7_50,2,Tech_rep_1_9604_86.7_50,9604_86.7_50,,1996_4_86.7_50,CO2,CO1_1996_4_86.7_50_1_1,1996_4_86.7_50,1996,1,1,Sample,NA,4/23/96,33.325,-119.661666,33.325 N 119.661666 W,125
CO1_ETOHJAR.0003.S63.L002,Tech_rep_1_9604_93.3_30,9604_93.3_30,3,Tech_rep_1_9604_93.3_30,9604_93.3_30,,1996_4_93.3_30,CO3,CO1_1996_4_93.3_30_1_1,1996_4_93.3_30,1996,1,1,Sample,NA,4/16/96,32.848333,-117.526666,32.848333 N 117.526666 W,125
CO1_ETOHJAR.0004.S64.L002,Tech_rep_1_9604_93.3_60,9604_93.3_60,4,Tech_rep_1_9604_93.3_60,9604_93.3_60,,1996_4_93.3_60,CO4,CO1_1996_4_93.3_60_1_1,1996_4_93.3_60,1996,1,1,Sample,NA,4/17/96,31.848333,-119.571666,31.848333 N 119.571666 W,125
CO1_ETOHJAR.0005.S65.L002,Tech_rep_1_9804_80_60,9804_80_60,5,Tech_rep_1_9804_80_60,9804_80_60,,1998_4_80_60,CO5,CO1_1998_4_80_60_1_1,1998_4_80_60,1998,1,1,Sample,NA,4/15/98,34.151666,-121.145,34.151666 N 121.145 W,125
CO1_ETOHJAR.0006.S66.L002,Tech_rep_1_9804_86.7_50,9804_86.7_50,6,Tech_rep_1_9804_86.7_50,9804_86.7_50,,1998_4_86.7_50,CO6,CO1_1998_4_86.7_50_1_1,1998_4_86.7_50,1998,1,1,Sample,NA,4/10/98,33.323333,-119.663333,33.323333 N 119.663333 W,125
CO1_ETOHJAR.0007.S67.L002,Tech_rep_1_9804_93.3_30,9804_93.3_30,7,Tech_rep_1_9804_93.3_30,9804_93.3_30,,1998_4_93.3_30,CO7,CO1_1998_4_93.3_30_1_1,1998_4_93.3_30,1998,1,1,Sample,NA,4/3/98,32.848333,-117.528333,32.848333 N 117.528333 W,125
CO1_ETOHJAR.0008.S68.L002,Tech_rep_1_9804_93.3_60,9804_93.3_60,8,Tech_rep_1_9804_93.3_60,9804_93.3_60,,1998_4_93.3_60,CO8,CO1_1998_4_93.3_60_1_1,1998_4_93.3_60,1998,1,1,Sample,NA,4/4/98,31.846666,-119.571666,31.846666 N 119.571666 W,125
CO1_ETOHJAR.0009.S69.L002,Tech_rep_1_9904_80_60,9904_80_60,9,Tech_rep_1_9904_80_60,9904_80_60,,1999_4_80_60,CO9,CO1_1999_4_80_60_1_1,1999_4_80_60,1999,1,1,Sample,NA,4/13/99,34.153333,-121.146666,34.153333 N 121.146666 W,125
CO1_ETOHJAR.0010.S70.L002,Tech_rep_1_9904_86.7_50,9904_86.7_50,10,Tech_rep_1_9904_86.7_50,9904_86.7_50,,1999_4_86.7_50,CO10,CO1_1999_4_86.7_50_1_1,1999_4_86.7_50,1999,1,1,Sample,NA,4/8/99,33.325,-119.663333,33.325 N 119.663333 W,125
CO1_ETOHJAR.0011.S71.L002,Tech_rep_1_9904_93.3_30,9904_93.3_30,11,Tech_rep_1_9904_93.3_30,9904_93.3_30,,1999_4_93.3_30,CO11,CO1_1999_4_93.3_30_1_1,1999_4_93.3_30,1999,1,1,Sample,NA,4/2/99,32.845,-117.53,32.845 N 117.53 W,125
CO1_ETOHJAR.0012.S72.L002,Tech_rep_1_9904_93.3_60,9904_93.3_60,12,Tech_rep_1_9904_93.3_60,9904_93.3_60,,1999_4_93.3_60,CO12,CO1_1999_4_93.3_60_1_1,1999_4_93.3_60,1999,1,1,Sample,NA,4/3/99,31.85,-119.568333,31.85 N 119.568333 W,125
CO1_ETOHJAR.0013.S73.L002,Tech_rep_1_0004_80_60,0004_80_60,13,Tech_rep_1_0004_80_60,0004_80_60,,2000_4_80_60,CO13,CO1_2000_4_80_60_1_1,2000_4_80_60,2000,1,1,Sample,NA,4/19/00,34.148333,-121.156666,34.148333 N 121.156666 W,125
CO1_ETOHJAR.0014.S74.L002,Tech_rep_1_0004_86.7_50,0004_86.7_50,14,Tech_rep_1_0004_86.7_50,0004_86.7_50,,2000_4_86.7_50,CO14,CO1_2000_4_86.7_50_1_1,2000_4_86.7_50,2000,1,1,Sample,NA,4/15/00,33.323333,-119.666666,33.323333 N 119.666666 W,125
CO1_ETOHJAR.0015.S75.L002,Tech_rep_1_0004_93.3_30,0004_93.3_30,15,Tech_rep_1_0004_93.3_30,0004_93.3_30,,2000_4_93.3_30,CO15,CO1_2000_4_93.3_30_1_1,2000_4_93.3_30,2000,1,1,Sample,NA,4/8/00,32.846666,-117.538333,32.846666 N 117.538333 W,125
CO1_ETOHJAR.0016.S76.L002,Tech_rep_1_0004_93.3_60,0004_93.3_60,16,Tech_rep_1_0004_93.3_60,0004_93.3_60,,2000_4_93.3_60,CO16,CO1_2000_4_93.3_60_1_1,2000_4_93.3_60,2000,1,1,Sample,NA,4/9/00,31.85,-119.568333,31.85 N 119.568333 W,125
CO1_ETOHJAR.0017.S77.L002,Tech_rep_1_0104_80_60,0104_80_60,17,Tech_rep_1_0104_80_60,0104_80_60,,2001_4_80_60,CO17,CO1_2001_4_80_60_1_1,2001_4_80_60,2001,1,1,Sample,NA,4/20/01,34.145,-121.161666,34.145 N 121.161666 W,75
CO1_ETOHJAR.0018.S78.L002,Tech_rep_1_0104_86.7_50,0104_86.7_50,18,Tech_rep_1_0104_86.7_50,0104_86.7_50,,2001_4_86.7_50,CO18,CO1_2001_4_86.7_50_1_1,2001_4_86.7_50,2001,1,1,Sample,NA,4/14/01,33.32,-119.66,33.32 N 119.66 W,125
CO1_ETOHJAR.0019.S79.L002,Tech_rep_1_0104_93.3_30,0104_93.3_30,19,Tech_rep_1_0104_93.3_30,0104_93.3_30,,2001_4_93.3_30,CO19,CO1_2001_4_93.3_30_1_1,2001_4_93.3_30,2001,1,1,Sample,NA,4/7/01,32.845,-117.531666,32.845 N 117.531666 W,125
CO1_ETOHJAR.0020.S80.L002,Tech_rep_1_0104_93.3_60,0104_93.3_60,20,Tech_rep_1_0104_93.3_60,0104_93.3_60,,2001_4_93.3_60,CO20,CO1_2001_4_93.3_60_1_1,2001_4_93.3_60,2001,1,1,Sample,NA,4/8/01,31.855,-119.568333,31.855 N 119.568333 W,125
CO1_ETOHJAR.0021.S81.L002,Tech_rep_1_0204_80_60,0204_80_60,21,Tech_rep_1_0204_80_60,0204_80_60,,2002_4_80_60,CO21,CO1_2002_4_80_60_1_1,2002_4_80_60,2002,1,1,Sample,NA,4/9/02,34.146666,-121.155,34.146666 N 121.155 W,75
CO1_ETOHJAR.0022.S82.L002,Tech_rep_1_0204_86.7_50,0204_86.7_50,22,Tech_rep_1_0204_86.7_50,0204_86.7_50,,2002_4_86.7_50,CO22,CO1_2002_4_86.7_50_1_1,2002_4_86.7_50,2002,1,1,Sample,NA,4/4/02,33.323333,-119.656666,33.323333 N 119.656666 W,125
CO1_ETOHJAR.0023.S83.L002,Tech_rep_1_0204_93.3_30,0204_93.3_30,23,Tech_rep_1_0204_93.3_30,0204_93.3_30,,2002_3_93.3_30,CO23,CO1_2002_3_93.3_30_1_1,2002_3_93.3_30,2002,1,1,Sample,NA,3/29/02,32.848333,-117.531666,32.848333 N 117.531666 W,125
CO1_ETOHJAR.0024.S84.L002,Tech_rep_1_0204_93.3_60,0204_93.3_60,24,Tech_rep_1_0204_93.3_60,0204_93.3_60,,2002_3_93.3_60,CO24,CO1_2002_3_93.3_60_1_1,2002_3_93.3_60,2002,1,1,Sample,NA,3/30/02,31.846666,-119.571666,31.846666 N 119.571666 W,125
CO1_ETOHJAR.0025.S85.L002,Tech_rep_1_0304_80_60,0304_80_60,25,Tech_rep_1_0304_80_60,0304_80_60,,2003_4_80_60,CO25,CO1_2003_4_80_60_1_1,2003_4_80_60,2003,1,1,Sample,NA,4/16/03,34.155,-121.13,34.155 N 121.13 W,125
CO1_ETOHJAR.0026.S86.L002,Tech_rep_1_0304_86.7_50,0304_86.7_50,26,Tech_rep_1_0304_86.7_50,0304_86.7_50,,2003_4_86.7_50,CO26,CO1_2003_4_86.7_50_1_1,2003_4_86.7_50,2003,1,1,Sample,NA,4/11/03,33.323333,-119.663333,33.323333 N 119.663333 W,125
CO1_ETOHJAR.0027.S87.L002,Tech_rep_1_0304_93.3_30,0304_93.3_30,27,Tech_rep_1_0304_93.3_30,0304_93.3_30,,2003_4_93.3_30,CO27,CO1_2003_4_93.3_30_1_1,2003_4_93.3_30,2003,1,1,Sample,NA,4/24/03,32.846666,-117.531666,32.846666 N 117.531666 W,125
CO1_ETOHJAR.0028.S88.L002,Tech_rep_1_0304_93.3_60,0304_93.3_60,28,Tech_rep_1_0304_93.3_60,0304_93.3_60,,2003_4_93.3_60,CO28,CO1_2003_4_93.3_60_1_1,2003_4_93.3_60,2003,1,1,Sample,NA,4/23/03,31.846666,-119.571666,31.846666 N 119.571666 W,125
CO1_ETOHJAR.0029.S89.L002,Tech_rep_1_0404_80_60,0404_80_60,29,Tech_rep_1_0404_80_60,0404_80_60,,2004_4_80_60,CO29,CO1_2004_4_80_60_1_1,2004_4_80_60,2004,1,1,Sample,NA,4/4/04,34.153333,-121.153333,34.153333 N 121.153333 W,125
CO1_ETOHJAR.0030.S90.L002,Tech_rep_1_0404_86.7_50,0404_86.7_50,30,Tech_rep_1_0404_86.7_50,0404_86.7_50,,2004_3_86.7_50,CO30,CO1_2004_3_86.7_50_1_1,2004_3_86.7_50,2004,1,1,Sample,NA,3/30/04,33.323333,-119.661666,33.323333 N 119.661666 W,125
CO1_ETOHJAR.0031.S91.L002,Tech_rep_1_0404_93.3_30,0404_93.3_30,31,Tech_rep_1_0404_93.3_30,0404_93.3_30,,2004_3_93.3_30,CO31,CO1_2004_3_93.3_30_1_1,2004_3_93.3_30,2004,1,1,Sample,NA,3/24/04,32.846666,-117.531666,32.846666 N 117.531666 W,125
CO1_ETOHJAR.0032.S92.L002,Tech_rep_1_0404_93.3_60,0404_93.3_60,32,Tech_rep_1_0404_93.3_60,0404_93.3_60,,2004_3_93.3_60,CO32,CO1_2004_3_93.3_60_1_1,2004_3_93.3_60,2004,1,1,Sample,NA,3/25/04,31.846666,-119.575,31.846666 N 119.575 W,125
CO1_ETOHJAR.0033.S93.L002,Tech_rep_1_0504_80_60,0504_80_60,33,Tech_rep_1_0504_80_60,0504_80_60,,2005_4_80_60,CO33,CO1_2005_4_80_60_1_1,2005_4_80_60,2005,1,1,Sample,NA,4/27/05,34.146667,-121.15,34.146667 N 121.15 W,125
CO1_ETOHJAR.0034.S94.L002,Tech_rep_1_0504_86.7_50,0504_86.7_50,34,Tech_rep_1_0504_86.7_50,0504_86.7_50,,2005_4_86.7_50,CO34,CO1_2005_4_86.7_50_1_1,2005_4_86.7_50,2005,1,1,Sample,NA,4/26/05,33.321667,-119.665,33.321667 N 119.665 W,125
CO1_ETOHJAR.0035.S95.L002,Tech_rep_1_0504_93.3_30,0504_93.3_30,35,Tech_rep_1_0504_93.3_30,0504_93.3_30,,2005_4_93.3_30,CO35,CO1_2005_4_93.3_30_1_1,2005_4_93.3_30,2005,1,1,Sample,NA,4/16/05,32.843333,-117.54,32.843333 N 117.54 W,125
CO1_ETOHJAR.0036.S96.L002,Tech_rep_1_0504_93.3_60,0504_93.3_60,36,Tech_rep_1_0504_93.3_60,0504_93.3_60,,2005_4_93.3_60,CO36,CO1_2005_4_93.3_60_1_1,2005_4_93.3_60,2005,1,1,Sample,NA,4/17/05,31.848333,-119.58,31.848333 N 119.58 W,125
CO1_ETOHJAR.0037.S97.L002,Tech_rep_1_0604_80_60,0604_80_60,37,Tech_rep_1_0604_80_60,0604_80_60,,2006_4_80_60,CO37,CO1_2006_4_80_60_1_1,2006_4_80_60,2006,1,1,Sample,NA,4/14/06,34.155,-121.155,34.155 N 121.155 W,125
CO1_ETOHJAR.0038.S98.L002,Tech_rep_1_0604_86.7_50,0604_86.7_50,38,Tech_rep_1_0604_86.7_50,0604_86.7_50,,2006_4_86.7_50,CO38,CO1_2006_4_86.7_50_1_1,2006_4_86.7_50,2006,1,1,Sample,NA,4/9/06,33.318333,-119.65,33.318333 N 119.65 W,125
CO1_ETOHJAR.0039.S99.L002,Tech_rep_1_0604_93.3_30,0604_93.3_30,39,Tech_rep_1_0604_93.3_30,0604_93.3_30,,2006_4_93.3_30,CO39,CO1_2006_4_93.3_30_1_1,2006_4_93.3_30,2006,1,1,Sample,NA,4/2/06,32.846666,-117.533333,32.846666 N 117.533333 W,125
CO1_ETOHJAR.0040.S100.L002,Tech_rep_1_0604_93.3_60,0604_93.3_60,40,Tech_rep_1_0604_93.3_60,0604_93.3_60,,2006_4_93.3_60,CO40,CO1_2006_4_93.3_60_1_1,2006_4_93.3_60,2006,1,1,Sample,NA,4/3/06,31.846666,-119.576666,31.846666 N 119.576666 W,125
CO1_ETOHJAR.0041.S101.L002,Tech_rep_1_0704_80_60,0704_80_60,41,Tech_rep_1_0704_80_60,0704_80_60,,2007_4_80_60,CO41,CO1_2007_4_80_60_1_1,2007_4_80_60,2007,1,1,Sample,NA,4/14/07,34.148333,-121.15,34.148333 N 121.15 W,120
CO1_ETOHJAR.0042.S102.L002,Tech_rep_1_0704_80_60_J2,0704_80_60_J2,42,Tech_rep_1_0704_80_60_J2,0704_80_60_J2,,2007_4_80_60_J2,CO42,CO1_2007_4_80_60_2_1,2007_4_80_60,2007,2,1,Sample,NA,4/14/07,34.148333,-121.15,34.148333 N 121.15 W,120
CO1_ETOHJAR.0043.S103.L002,Tech_rep_1_0704_86.7_50,0704_86.7_50,43,Tech_rep_1_0704_86.7_50,0704_86.7_50,,2007_4_86.7_50,CO43,CO1_2007_4_86.7_50_1_1,2007_4_86.7_50,2007,1,1,Sample,NA,4/8/07,33.323333,-119.66,33.323333 N 119.66 W,125
CO1_ETOHJAR.0044.S104.L002,Tech_rep_1_0704_93.3_30,0704_93.3_30,44,Tech_rep_1_0704_93.3_30,0704_93.3_30,,2007_3_93.3_30,CO44,CO1_2007_3_93.3_30_1_1,2007_3_93.3_30,2007,1,1,Sample,NA,3/28/07,32.845,-117.526666,32.845 N 117.526666 W,125
CO1_ETOHJAR.0045.S105.L002,Tech_rep_1_0704_93.3_60,0704_93.3_60,45,Tech_rep_1_0704_93.3_60,0704_93.3_60,,2007_3_93.3_60,CO45,CO1_2007_3_93.3_60_1_1,2007_3_93.3_60,2007,1,1,Sample,NA,3/29/07,31.846666,-119.566666,31.846666 N 119.566666 W,125
CO1_ETOHJAR.0046.S106.L002,Tech_rep_1_0804_86.7_50,0804_86.7_50,46,Tech_rep_1_0804_86.7_50,0804_86.7_50,,2008_4_86.7_50,CO46,CO1_2008_4_86.7_50_1_1,2008_4_86.7_50,2008,1,1,Sample,NA,4/1/08,33.321666,-119.661666,33.321666 N 119.661666 W,125
CO1_ETOHJAR.0047.S107.L002,Tech_rep_1_Alligator,Alligator,47,Tech_rep_1_Alligator,Alligator,,Alligator,CO47,CO1_Alligator_1_1,Alligator,NA,1,1,Control,Pos,NA,NA,NA,NA,NA
CO1_ETOHJAR.0048.S108.L002,Tech_rep_1_PCR_neg,PCR_neg,48,Tech_rep_1_PCR_neg,PCR_neg,,PCR_negative,CO48,CO1_PCR_negative_1_1,PCR_negative,NA,1,1,Control,Neg,NA,NA,NA,NA,NA
CO1_ETOHJAR.0049.S109.L002,Tech_rep_1_0804_93.3_30,0804_93.3_30,49,Tech_rep_1_0804_93.3_30,0804_93.3_30,,2008_3_93.3_30,CO49,CO1_2008_3_93.3_30_1_1,2008_3_93.3_30,2008,1,1,Sample,NA,3/25/08,32.845,-117.53,32.845 N 117.53 W,125
CO1_ETOHJAR.0050.S110.L002,Tech_rep_1_0804_93.3_60,0804_93.3_60,50,Tech_rep_1_0804_93.3_60,0804_93.3_60,,2008_3_93.3_60,CO50,CO1_2008_3_93.3_60_1_1,2008_3_93.3_60,2008,1,1,Sample,NA,3/26/08,31.845,-119.57,31.845 N 119.57 W,125
CO1_ETOHJAR.0051.S111.L002,Tech_rep_1_0903_80_60,0903_80_60,51,Tech_rep_1_0903_80_60,0903_80_60,,2009_3_80_60,CO51,CO1_2009_3_80_60_1_1,2009_3_80_60,2009,1,1,Sample,NA,3/20/09,34.15,-121.146666,34.15 N 121.146666 W,125
CO1_ETOHJAR.0052.S112.L002,Tech_rep_1_0903_86.7_50_J1,0903_86.7_50_J1,52,Tech_rep_1_0903_86.7_50_J1,0903_86.7_50_J1,,2009_3_86.7_50_J1,CO52,CO1_2009_3_86.7_50_1_1,2009_3_86.7_50,2009,1,1,Sample,NA,3/15/09,33.323333,-119.663333,33.323333 N 119.663333 W,34
CO1_ETOHJAR.0053.S113.L002,Tech_rep_1_0903_86.7_50_J2,0903_86.7_50_J2,53,Tech_rep_1_0903_86.7_50_J2,0903_86.7_50_J2,,2009_3_86.7_50_J2,CO53,CO1_2009_3_86.7_50_2_1,2009_3_86.7_50,2009,2,1,Sample,NA,3/15/09,33.323333,-119.663333,33.323333 N 119.663333 W,34
CO1_ETOHJAR.0054.S114.L002,Tech_rep_1_0903_86.7_50_J3,0903_86.7_50_J3,54,Tech_rep_1_0903_86.7_50_J3,0903_86.7_50_J3,,2009_3_86.7_50_J3,CO54,CO1_2009_3_86.7_50_3_1,2009_3_86.7_50,2009,3,1,Sample,NA,3/15/09,33.323333,-119.663333,33.323333 N 119.663333 W,34
CO1_ETOHJAR.0055.S115.L002,Tech_rep_1_0903_93.3_30,0903_93.3_30,55,Tech_rep_1_0903_93.3_30,0903_93.3_30,,2009_3_93.3_30,CO55,CO1_2009_3_93.3_30_1_1,2009_3_93.3_30,2009,1,1,Sample,NA,3/8/09,32.846666,-117.535,32.846666 N 117.535 W,125
CO1_ETOHJAR.0056.S116.L002,Tech_rep_1_0903_93.3_60,0903_93.3_60,56,Tech_rep_1_0903_93.3_60,0903_93.3_60,,2009_3_93.3_60,CO56,CO1_2009_3_93.3_60_1_1,2009_3_93.3_60,2009,1,1,Sample,NA,3/9/09,31.85,-119.57,31.85 N 119.57 W,125
CO1_ETOHJAR.0057.S117.L002,Tech_rep_1_1004_80_60,1004_80_60,57,Tech_rep_1_1004_80_60,1004_80_60,,2010_5_80_60,CO57,CO1_2010_5_80_60_1_1,2010_5_80_60,2010,1,1,Sample,NA,5/17/10,34.146667,-121.143333,34.146667 N 121.143333 W,125
CO1_ETOHJAR.0058.S118.L002,Tech_rep_1_1004_93.3_30,1004_93.3_30,58,Tech_rep_1_1004_93.3_30,1004_93.3_30,,2010_4_93.3_30,CO58,CO1_2010_4_93.3_30_1_1,2010_4_93.3_30,2010,1,1,Sample,NA,4/27/10,32.848333,-117.531667,32.848333 N 117.531667 W,125
CO1_ETOHJAR.0059.S119.L002,Tech_rep_1_1004_93.3_60,1004_93.3_60,59,Tech_rep_1_1004_93.3_60,1004_93.3_60,,2010_4_93.3_60,CO59,CO1_2010_4_93.3_60_1_1,2010_4_93.3_60,2010,1,1,Sample,NA,4/28/10,31.848333,-119.57,31.848333 N 119.57 W,125
CO1_ETOHJAR.0060.S120.L002,Tech_rep_1_1104_80_60,1104_80_60,60,Tech_rep_1_1104_80_60,1104_80_60,,2011_4_80_60,CO60,CO1_2011_4_80_60_1_1,2011_4_80_60,2011,1,1,Sample,NA,4/23/11,34.15,-121.155,34.15 N 121.155 W,50
CO1_ETOHJAR.0061.S121.L002,Tech_rep_1_1104_86.7_50,1104_86.7_50,61,Tech_rep_1_1104_86.7_50,1104_86.7_50,,2011_4_86.7_50,CO61,CO1_2011_4_86.7_50_1_1,2011_4_86.7_50,2011,1,1,Sample,NA,4/18/11,33.325,-119.668333,33.325 N 119.668333 W,125
CO1_ETOHJAR.0062.S122.L002,Tech_rep_1_1104_93.3_30,1104_93.3_30,62,Tech_rep_1_1104_93.3_30,1104_93.3_30,,2011_4_93.3_30,CO62,CO1_2011_4_93.3_30_1_1,2011_4_93.3_30,2011,1,1,Sample,NA,4/10/11,32.848333,-117.528333,32.848333 N 117.528333 W,125
CO1_ETOHJAR.0063.S123.L002,Tech_rep_1_1104_93.3_60,1104_93.3_60,63,Tech_rep_1_1104_93.3_60,1104_93.3_60,,2011_4_93.3_60,CO63,CO1_2011_4_93.3_60_1_1,2011_4_93.3_60,2011,1,1,Sample,NA,4/11/11,31.851667,-119.578333,31.851667 N 119.578333 W,125
CO1_ETOHJAR.0064.S124.L002,Tech_rep_1_1203_80_60,1203_80_60,64,Tech_rep_1_1203_80_60,1203_80_60,,2012_4_80_60,CO64,CO1_2012_4_80_60_1_1,2012_4_80_60,2012,1,1,Sample,NA,4/6/12,34.151667,-121.148333,34.151667 N 121.148333 W,125
CO1_ETOHJAR.0065.S125.L002,Tech_rep_1_1203_86.7_50,1203_86.7_50,65,Tech_rep_1_1203_86.7_50,1203_86.7_50,,2012_3_86.7_50,CO65,CO1_2012_3_86.7_50_1_1,2012_3_86.7_50,2012,1,1,Sample,NA,3/31/12,33.321667,-119.665,33.321667 N 119.665 W,125
CO1_ETOHJAR.0066.S126.L002,Tech_rep_1_1203_93.3_30,1203_93.3_30,66,Tech_rep_1_1203_93.3_30,1203_93.3_30,,2012_3_93.3_30,CO66,CO1_2012_3_93.3_30_1_1,2012_3_93.3_30,2012,1,1,Sample,NA,3/25/12,32.843333,-117.533333,32.843333 N 117.533333 W,125
CO1_ETOHJAR.0067.S127.L002,Tech_rep_1_1203_93.3_60,1203_93.3_60,67,Tech_rep_1_1203_93.3_60,1203_93.3_60,,2012_3_93.3_60,CO67,CO1_2012_3_93.3_60_1_1,2012_3_93.3_60,2012,1,1,Sample,NA,3/26/12,31.845,-119.573333,31.845 N 119.573333 W,125
CO1_ETOHJAR.0068.S128.L002,Tech_rep_1_1304_80_60,1304_80_60,68,Tech_rep_1_1304_80_60,1304_80_60,,2013_4_80_60,CO68,CO1_2013_4_80_60_1_1,2013_4_80_60,2013,1,1,Sample,NA,4/20/13,34.15232,-121.16733,34.15232 N 121.16733 W,125
CO1_ETOHJAR.0069.S129.L002,Tech_rep_1_1304_86.7_50,1304_86.7_50,69,Tech_rep_1_1304_86.7_50,1304_86.7_50,,2013_4_86.7_50,CO69,CO1_2013_4_86.7_50_1_1,2013_4_86.7_50,2013,1,1,Sample,NA,4/15/13,33.3245,-119.66017,33.3245 N 119.66017 W,125
CO1_ETOHJAR.0070.S130.L002,Tech_rep_1_1304_93.3_30,1304_93.3_30,70,Tech_rep_1_1304_93.3_30,1304_93.3_30,,2013_4_93.3_30,CO70,CO1_2013_4_93.3_30_1_1,2013_4_93.3_30,2013,1,1,Sample,NA,4/7/13,32.8385,-117.533,32.8385 N 117.533 W,125
CO1_ETOHJAR.0071.S131.L002,Tech_rep_1_1304_93.3_60,1304_93.3_60,71,Tech_rep_1_1304_93.3_60,1304_93.3_60,,2013_4_93.3_60,CO71,CO1_2013_4_93.3_60_1_1,2013_4_93.3_60,2013,1,1,Sample,NA,4/11/13,31.8475,-119.5805,31.8475 N 119.5805 W,125
CO1_ETOHJAR.0072.S132.L002,Tech_rep_1_1404_80_60_J1,1404_80_60_J1,72,Tech_rep_1_1404_80_60_J1,1404_80_60_J1,,2014_4_80_60_J1,CO72,CO1_2014_4_80_60_1_1,2014_4_80_60,2014,1,1,Sample,NA,4/13/14,34.16203,-121.15758,34.16203 N 121.15758 W,125
CO1_ETOHJAR.0073.S133.L002,Tech_rep_1_1404_80_60_J2,1404_80_60_J2,73,Tech_rep_1_1404_80_60_J2,1404_80_60_J2,,2014_4_80_60_J2,CO73,CO1_2014_4_80_60_2_1,2014_4_80_60,2014,2,1,Sample,NA,4/13/14,34.16203,-121.15758,34.16203 N 121.15758 W,125
CO1_ETOHJAR.0074.S134.L002,Tech_rep_1_1404_93.3_30,1404_93.3_30,74,Tech_rep_1_1404_93.3_30,1404_93.3_30,,2014_4_93.3_30,CO74,CO1_2014_4_93.3_30_1_1,2014_4_93.3_30,2014,1,1,Sample,NA,4/2/14,32.84772,-117.53193,32.84772 N 117.53193 W,125
CO1_ETOHJAR.0075.S135.L002,Tech_rep_1_1404_93.3_60,1404_93.3_60,75,Tech_rep_1_1404_93.3_60,1404_93.3_60,,2014_4_93.3_60,CO75,CO1_2014_4_93.3_60_1_1,2014_4_93.3_60,2014,1,1,Sample,NA,4/3/14,31.84738,-119.56267,31.84738 N 119.56267 W,125
CO1_ETOHJAR.0076.S136.L002,Tech_rep_1_1504_80_60,1504_80_60,76,Tech_rep_1_1504_80_60,1504_80_60,,2015_4_80_60,CO76,CO1_2015_4_80_60_1_1,2015_4_80_60,2015,1,1,Sample,NA,4/16/15,34.15052,-121.14713,34.15052 N 121.14713 W,100
CO1_ETOHJAR.0077.S137.L002,Tech_rep_1_1504_86.7_50,1504_86.7_50,77,Tech_rep_1_1504_86.7_50,1504_86.7_50,,2015_4_86.7_50,CO77,CO1_2015_4_86.7_50_1_1,2015_4_86.7_50,2015,1,1,Sample,NA,4/11/15,33.32897,-119.6576,33.32897 N 119.6576 W,125
CO1_ETOHJAR.0078.S138.L002,Tech_rep_1_1504_93.3_30,1504_93.3_30,78,Tech_rep_1_1504_93.3_30,1504_93.3_30,,2015_4_93.3_30,CO78,CO1_2015_4_93.3_30_1_1,2015_4_93.3_30,2015,1,1,Sample,NA,4/5/15,32.84228,-117.53622,32.84228 N 117.53622 W,125
CO1_ETOHJAR.0079.S139.L002,Tech_rep_1_1504_93.3_60,1504_93.3_60,79,Tech_rep_1_1504_93.3_60,1504_93.3_60,,2015_4_93.3_60,CO79,CO1_2015_4_93.3_60_1_1,2015_4_93.3_60,2015,1,1,Sample,NA,4/6/15,31.84518,-119.56667,31.84518 N 119.56667 W,125
CO1_ETOHJAR.0080.S140.L002,Tech_rep_1_1604_86.7_50_J1,1604_86.7_50_J1,80,Tech_rep_1_1604_86.7_50_J1,1604_86.7_50_J1,,2016_4_86.7_50_J1,CO80,CO1_2016_4_86.7_50_1_1,2016_4_86.7_50,2016,1,1,Sample,NA,4/9/16,33.31567,-119.65623,33.31567 N 119.65623 W,125
CO1_ETOHJAR.0081.S141.L002,Tech_rep_1_1604_86.7_50_J2,1604_86.7_50_J2,81,Tech_rep_1_1604_86.7_50_J2,1604_86.7_50_J2,,2016_4_86.7_50_J2,CO81,CO1_2016_4_86.7_50_2_1,2016_4_86.7_50,2016,2,1,Sample,NA,4/9/16,33.31567,-119.65623,33.31567 N 119.65623 W,125
CO1_ETOHJAR.0082.S142.L002,Tech_rep_1_1604_93.3_30,1604_93.3_30,82,Tech_rep_1_1604_93.3_30,1604_93.3_30,,2016_4_93.3_30,CO82,CO1_2016_4_93.3_30_1_1,2016_4_93.3_30,2016,1,1,Sample,NA,4/2/16,32.84232,-117.53212,32.84232 N 117.53212 W,125
CO1_ETOHJAR.0083.S143.L002,Tech_rep_1_1604_93.3_60,1604_93.3_60,83,Tech_rep_1_1604_93.3_60,1604_93.3_60,,2016_4_93.3_60,CO83,CO1_2016_4_93.3_60_1_1,2016_4_93.3_60,2016,1,1,Sample,NA,4/3/16,31.84073,-119.57013,31.84073 N 119.57013 W,125
CO1_ETOHJAR.0084.S144.L002,Tech_rep_1_1704_80_60,1704_80_60,84,Tech_rep_1_1704_80_60,1704_80_60,,2017_4_80_60,CO84,CO1_2017_4_80_60_1_1,2017_4_80_60,2017,1,1,Sample,NA,4/11/17,34.14817,-121.15233,34.14817 N 121.15233 W,125
CO1_ETOHJAR.0085.S145.L002,Tech_rep_1_1704_86.7_50,1704_86.7_50,85,Tech_rep_1_1704_86.7_50,1704_86.7_50,,2017_4_86.7_50,CO85,CO1_2017_4_86.7_50_1_1,2017_4_86.7_50,2017,1,1,Sample,NA,4/6/17,33.32372,-119.66018,33.32372 N 119.66018 W,125
CO1_ETOHJAR.0086.S146.L002,Tech_rep_1_1704_93.3_60,1704_93.3_60,86,Tech_rep_1_1704_93.3_60,1704_93.3_60,,2017_3_93.3_60,CO86,CO1_2017_3_93.3_60_1_1,2017_3_93.3_60,2017,1,1,Sample,NA,3/30/17,31.84467,-119.57317,31.84467 N 119.57317 W,125
CO1_ETOHJAR.0087.S147.L002,Tech_rep_1_1804_80_60,1804_80_60,87,Tech_rep_1_1804_80_60,1804_80_60,,2018_4_80_60,CO87,CO1_2018_4_80_60_1_1,2018_4_80_60,2018,1,1,Sample,NA,4/18/18,34.14462,-121.1617,34.14462 N 121.1617 W,125
CO1_ETOHJAR.0088.S148.L002,Tech_rep_1_1804_86.7_50,1804_86.7_50,88,Tech_rep_1_1804_86.7_50,1804_86.7_50,,2018_4_86.7_50,CO88,CO1_2018_4_86.7_50_1_1,2018_4_86.7_50,2018,1,1,Sample,NA,4/12/18,33.31112,-119.6585,33.31112 N 119.6585 W,125
CO1_ETOHJAR.267.S337.L002,Tech_rep_1_1804_86.7_50_CN,1804_86.7_50_CN,89,Tech_rep_1_1804_86.7_50_CN,1804_86.7_50_CN,,2018_4_86.7_50_CN,CO89,CO1_2018_4_86.7_50_2_1,2018_4_86.7_50,2018,2,1,Sample,NA,4/12/18,33.31112,-119.6585,33.31112 N 119.6585 W,125
CO1_ETOHJAR.268.S338.L002,Tech_rep_1_1804_93.3_30,1804_93.3_30,90,Tech_rep_1_1804_93.3_30,1804_93.3_30,,2018_4_93.3_30,CO90,CO1_2018_4_93.3_30_1_1,2018_4_93.3_30,2018,1,1,Sample,NA,4/6/18,32.84637,-117.5232,32.84637 N 117.5232 W,125
CO1_ETOHJAR.269.S339.L002,Tech_rep_1_1804_93.3_60,1804_93.3_60,91,Tech_rep_1_1804_93.3_60,1804_93.3_60,,2018_4_93.3_60,CO91,CO1_2018_4_93.3_60_1_1,2018_4_93.3_60,2018,1,1,Sample,NA,4/7/18,31.84667,-119.5725,31.84667 N 119.5725 W,125
CO1_ETOHJAR.270.S340.L002,Tech_rep_1_1904_80_60_J1,1904_80_60_J1,92,Tech_rep_1_1904_80_60_J1,1904_80_60_J1,,2019_4_80_60_J1,CO92,CO1_2019_4_80_60_1_1,2019_4_80_60,2019,1,1,Sample,NA,4/15/19,34.14882,-121.15433,34.14882 N 121.15433 W,125
CO1_ETOHJAR.271.S341.L002,Tech_rep_1_1904_80_60_J2,1904_80_60_J2,93,Tech_rep_1_1904_80_60_J2,1904_80_60_J2,,2019_4_80_60_J2,CO93,CO1_2019_4_80_60_2_1,2019_4_80_60,2019,2,1,Sample,NA,4/15/19,34.14882,-121.15433,34.14882 N 121.15433 W,125
CO1_ETOHJAR.272.S342.L002,Tech_rep_1_1904_86.7_50,1904_86.7_50,94,Tech_rep_1_1904_86.7_50,1904_86.7_50,,2019_4_86.7_50,CO94,CO1_2019_4_86.7_50_1_1,2019_4_86.7_50,2019,1,1,Sample,NA,4/8/19,33.32117,-119.66517,33.32117 N 119.66517 W,125
CO1_ETOHJAR.273.S343.L002,Tech_rep_1_1904_93.3_30,1904_93.3_30,95,Tech_rep_1_1904_93.3_30,1904_93.3_30,,2019_4_93.3_30,CO95,CO1_2019_4_93.3_30_1_1,2019_4_93.3_30,2019,1,1,Sample,NA,4/3/19,32.845,-117.52782,32.845 N 117.52782 W,125
CO1_ETOHJAR.274.S344.L002,Tech_rep_1_1904_93.3_60,1904_93.3_60,96,Tech_rep_1_1904_93.3_60,1904_93.3_60,,2019_4_93.3_60,CO96,CO1_2019_4_93.3_60_1_1,2019_4_93.3_60,2019,1,1,Sample,NA,4/4/19,31.84682,-119.57432,31.84682 N 119.57432 W,125
CO1_ETOHJAR.0089.S149.L002,Tech_rep_2_9604_80_60,9604_80_60,97,Tech_rep_2_9604_80_60,9604_80_60,,1996_4_80_60,CO101,CO1_1996_4_80_60_1_2,1996_4_80_60,1996,1,2,Sample,NA,4/28/96,34.151666,-121.148333,34.151666 N 121.148333 W,125
CO1_ETOHJAR.0090.S150.L002,Tech_rep_2_9604_86.7_50,9604_86.7_50,98,Tech_rep_2_9604_86.7_50,9604_86.7_50,,1996_4_86.7_50,CO102,CO1_1996_4_86.7_50_1_2,1996_4_86.7_50,1996,1,2,Sample,NA,4/23/96,33.325,-119.661666,33.325 N 119.661666 W,125
CO1_ETOHJAR.0091.S151.L002,Tech_rep_2_9604_93.3_30,9604_93.3_30,99,Tech_rep_2_9604_93.3_30,9604_93.3_30,,1996_4_93.3_30,CO103,CO1_1996_4_93.3_30_1_2,1996_4_93.3_30,1996,1,2,Sample,NA,4/16/96,32.848333,-117.526666,32.848333 N 117.526666 W,125
CO1_ETOHJAR.0092.S152.L002,Tech_rep_2_9604_93.3_60,9604_93.3_60,100,Tech_rep_2_9604_93.3_60,9604_93.3_60,,1996_4_93.3_60,CO104,CO1_1996_4_93.3_60_1_2,1996_4_93.3_60,1996,1,2,Sample,NA,4/17/96,31.848333,-119.571666,31.848333 N 119.571666 W,125
CO1_ETOHJAR.0093.S153.L002,Tech_rep_2_9804_80_60,9804_80_60,101,Tech_rep_2_9804_80_60,9804_80_60,,1998_4_80_60,CO105,CO1_1998_4_80_60_1_2,1998_4_80_60,1998,1,2,Sample,NA,4/15/98,34.151666,-121.145,34.151666 N 121.145 W,125
CO1_ETOHJAR.0094.S154.L002,Tech_rep_2_9804_86.7_50,9804_86.7_50,102,Tech_rep_2_9804_86.7_50,9804_86.7_50,,1998_4_86.7_50,CO106,CO1_1998_4_86.7_50_1_2,1998_4_86.7_50,1998,1,2,Sample,NA,4/10/98,33.323333,-119.663333,33.323333 N 119.663333 W,125
CO1_ETOHJAR.0095.S155.L002,Tech_rep_2_9804_93.3_30,9804_93.3_30,103,Tech_rep_2_9804_93.3_30,9804_93.3_30,,1998_4_93.3_30,CO107,CO1_1998_4_93.3_30_1_2,1998_4_93.3_30,1998,1,2,Sample,NA,4/3/98,32.848333,-117.528333,32.848333 N 117.528333 W,125
CO1_ETOHJAR.0096.S156.L002,Tech_rep_2_9804_93.3_60,9804_93.3_60,104,Tech_rep_2_9804_93.3_60,9804_93.3_60,,1998_4_93.3_60,CO108,CO1_1998_4_93.3_60_1_2,1998_4_93.3_60,1998,1,2,Sample,NA,4/4/98,31.846666,-119.571666,31.846666 N 119.571666 W,125
CO1_ETOHJAR.0097.S157.L002,Tech_rep_2_9904_80_60,9904_80_60,105,Tech_rep_2_9904_80_60,9904_80_60,,1999_4_80_60,CO109,CO1_1999_4_80_60_1_2,1999_4_80_60,1999,1,2,Sample,NA,4/13/99,34.153333,-121.146666,34.153333 N 121.146666 W,125
CO1_ETOHJAR.0098.S158.L002,Tech_rep_2_9904_86.7_50,9904_86.7_50,106,Tech_rep_2_9904_86.7_50,9904_86.7_50,,1999_4_86.7_50,CO110,CO1_1999_4_86.7_50_1_2,1999_4_86.7_50,1999,1,2,Sample,NA,4/8/99,33.325,-119.663333,33.325 N 119.663333 W,125
CO1_ETOHJAR.0099.S159.L002,Tech_rep_2_9904_93.3_30,9904_93.3_30,107,Tech_rep_2_9904_93.3_30,9904_93.3_30,,1999_4_93.3_30,CO111,CO1_1999_4_93.3_30_1_2,1999_4_93.3_30,1999,1,2,Sample,NA,4/2/99,32.845,-117.53,32.845 N 117.53 W,125
CO1_ETOHJAR.0100.S160.L002,Tech_rep_2_9904_93.3_60,9904_93.3_60,108,Tech_rep_2_9904_93.3_60,9904_93.3_60,,1999_4_93.3_60,CO112,CO1_1999_4_93.3_60_1_2,1999_4_93.3_60,1999,1,2,Sample,NA,4/3/99,31.85,-119.568333,31.85 N 119.568333 W,125
CO1_ETOHJAR.0101.S161.L002,Tech_rep_2_0004_80_60,0004_80_60,109,Tech_rep_2_0004_80_60,0004_80_60,,2000_4_80_60,CO113,CO1_2000_4_80_60_1_2,2000_4_80_60,2000,1,2,Sample,NA,4/19/00,34.148333,-121.156666,34.148333 N 121.156666 W,125
CO1_ETOHJAR.0102.S162.L002,Tech_rep_2_0004_86.7_50,0004_86.7_50,110,Tech_rep_2_0004_86.7_50,0004_86.7_50,,2000_4_86.7_50,CO114,CO1_2000_4_86.7_50_1_2,2000_4_86.7_50,2000,1,2,Sample,NA,4/15/00,33.323333,-119.666666,33.323333 N 119.666666 W,125
CO1_ETOHJAR.0103.S163.L002,Tech_rep_2_0004_93.3_30,0004_93.3_30,111,Tech_rep_2_0004_93.3_30,0004_93.3_30,,2000_4_93.3_30,CO115,CO1_2000_4_93.3_30_1_2,2000_4_93.3_30,2000,1,2,Sample,NA,4/8/00,32.846666,-117.538333,32.846666 N 117.538333 W,125
CO1_ETOHJAR.0104.S164.L002,Tech_rep_2_0004_93.3_60,0004_93.3_60,112,Tech_rep_2_0004_93.3_60,0004_93.3_60,,2000_4_93.3_60,CO116,CO1_2000_4_93.3_60_1_2,2000_4_93.3_60,2000,1,2,Sample,NA,4/9/00,31.85,-119.568333,31.85 N 119.568333 W,125
CO1_ETOHJAR.0105.S165.L002,Tech_rep_2_0104_80_60,0104_80_60,113,Tech_rep_2_0104_80_60,0104_80_60,,2001_4_80_60,CO117,CO1_2001_4_80_60_1_2,2001_4_80_60,2001,1,2,Sample,NA,4/20/01,34.145,-121.161666,34.145 N 121.161666 W,75
CO1_ETOHJAR.0106.S166.L002,Tech_rep_2_0104_86.7_50,0104_86.7_50,114,Tech_rep_2_0104_86.7_50,0104_86.7_50,,2001_4_86.7_50,CO118,CO1_2001_4_86.7_50_1_2,2001_4_86.7_50,2001,1,2,Sample,NA,4/14/01,33.32,-119.66,33.32 N 119.66 W,125
CO1_ETOHJAR.0107.S167.L002,Tech_rep_2_0104_93.3_30,0104_93.3_30,115,Tech_rep_2_0104_93.3_30,0104_93.3_30,,2001_4_93.3_30,CO119,CO1_2001_4_93.3_30_1_2,2001_4_93.3_30,2001,1,2,Sample,NA,4/7/01,32.845,-117.531666,32.845 N 117.531666 W,125
CO1_ETOHJAR.0108.S168.L002,Tech_rep_2_0104_93.3_60,0104_93.3_60,116,Tech_rep_2_0104_93.3_60,0104_93.3_60,,2001_4_93.3_60,CO120,CO1_2001_4_93.3_60_1_2,2001_4_93.3_60,2001,1,2,Sample,NA,4/8/01,31.855,-119.568333,31.855 N 119.568333 W,125
CO1_ETOHJAR.0109.S169.L002,Tech_rep_2_0204_80_60,0204_80_60,117,Tech_rep_2_0204_80_60,0204_80_60,,2002_4_80_60,CO121,CO1_2002_4_80_60_1_2,2002_4_80_60,2002,1,2,Sample,NA,4/9/02,34.146666,-121.155,34.146666 N 121.155 W,75
CO1_ETOHJAR.0110.S170.L002,Tech_rep_2_0204_86.7_50,0204_86.7_50,118,Tech_rep_2_0204_86.7_50,0204_86.7_50,,2002_4_86.7_50,CO122,CO1_2002_4_86.7_50_1_2,2002_4_86.7_50,2002,1,2,Sample,NA,4/4/02,33.323333,-119.656666,33.323333 N 119.656666 W,125
CO1_ETOHJAR.0111.S171.L002,Tech_rep_2_0204_93.3_30,0204_93.3_30,119,Tech_rep_2_0204_93.3_30,0204_93.3_30,,2002_3_93.3_30,CO123,CO1_2002_3_93.3_30_1_2,2002_3_93.3_30,2002,1,2,Sample,NA,3/29/02,32.848333,-117.531666,32.848333 N 117.531666 W,125
CO1_ETOHJAR.0112.S172.L002,Tech_rep_2_0204_93.3_60,0204_93.3_60,120,Tech_rep_2_0204_93.3_60,0204_93.3_60,,2002_3_93.3_60,CO124,CO1_2002_3_93.3_60_1_2,2002_3_93.3_60,2002,1,2,Sample,NA,3/30/02,31.846666,-119.571666,31.846666 N 119.571666 W,125
CO1_ETOHJAR.0113.S173.L002,Tech_rep_2_0304_80_60,0304_80_60,121,Tech_rep_2_0304_80_60,0304_80_60,,2003_4_80_60,CO125,CO1_2003_4_80_60_1_2,2003_4_80_60,2003,1,2,Sample,NA,4/16/03,34.155,-121.13,34.155 N 121.13 W,125
CO1_ETOHJAR.0114.S174.L002,Tech_rep_2_0304_86.7_50,0304_86.7_50,122,Tech_rep_2_0304_86.7_50,0304_86.7_50,,2003_4_86.7_50,CO126,CO1_2003_4_86.7_50_1_2,2003_4_86.7_50,2003,1,2,Sample,NA,4/11/03,33.323333,-119.663333,33.323333 N 119.663333 W,125
CO1_ETOHJAR.0115.S175.L002,Tech_rep_2_0304_93.3_30,0304_93.3_30,123,Tech_rep_2_0304_93.3_30,0304_93.3_30,,2003_4_93.3_30,CO127,CO1_2003_4_93.3_30_1_2,2003_4_93.3_30,2003,1,2,Sample,NA,4/24/03,32.846666,-117.531666,32.846666 N 117.531666 W,125
CO1_ETOHJAR.0116.S176.L002,Tech_rep_2_0304_93.3_60,0304_93.3_60,124,Tech_rep_2_0304_93.3_60,0304_93.3_60,,2003_4_93.3_60,CO128,CO1_2003_4_93.3_60_1_2,2003_4_93.3_60,2003,1,2,Sample,NA,4/23/03,31.846666,-119.571666,31.846666 N 119.571666 W,125
CO1_ETOHJAR.0117.S177.L002,Tech_rep_2_0404_80_60,0404_80_60,125,Tech_rep_2_0404_80_60,0404_80_60,,2004_4_80_60,CO129,CO1_2004_4_80_60_1_2,2004_4_80_60,2004,1,2,Sample,NA,4/4/04,34.153333,-121.153333,34.153333 N 121.153333 W,125
CO1_ETOHJAR.0118.S178.L002,Tech_rep_2_0404_86.7_50,0404_86.7_50,126,Tech_rep_2_0404_86.7_50,0404_86.7_50,,2004_3_86.7_50,CO130,CO1_2004_3_86.7_50_1_2,2004_3_86.7_50,2004,1,2,Sample,NA,3/30/04,33.323333,-119.661666,33.323333 N 119.661666 W,125
CO1_ETOHJAR.0119.S179.L002,Tech_rep_2_0404_93.3_30,0404_93.3_30,127,Tech_rep_2_0404_93.3_30,0404_93.3_30,,2004_3_93.3_30,CO131,CO1_2004_3_93.3_30_1_2,2004_3_93.3_30,2004,1,2,Sample,NA,3/24/04,32.846666,-117.531666,32.846666 N 117.531666 W,125
CO1_ETOHJAR.0120.S180.L002,Tech_rep_2_0404_93.3_60,0404_93.3_60,128,Tech_rep_2_0404_93.3_60,0404_93.3_60,,2004_3_93.3_60,CO132,CO1_2004_3_93.3_60_1_2,2004_3_93.3_60,2004,1,2,Sample,NA,3/25/04,31.846666,-119.575,31.846666 N 119.575 W,125
CO1_ETOHJAR.0121.S181.L002,Tech_rep_2_0504_80_60,0504_80_60,129,Tech_rep_2_0504_80_60,0504_80_60,,2005_4_80_60,CO133,CO1_2005_4_80_60_1_2,2005_4_80_60,2005,1,2,Sample,NA,4/27/05,34.146667,-121.15,34.146667 N 121.15 W,125
CO1_ETOHJAR.0122.S182.L002,Tech_rep_2_0504_86.7_50,0504_86.7_50,130,Tech_rep_2_0504_86.7_50,0504_86.7_50,,2005_4_86.7_50,CO134,CO1_2005_4_86.7_50_1_2,2005_4_86.7_50,2005,1,2,Sample,NA,4/26/05,33.321667,-119.665,33.321667 N 119.665 W,125
CO1_ETOHJAR.0123.S183.L002,Tech_rep_2_0504_93.3_30,0504_93.3_30,131,Tech_rep_2_0504_93.3_30,0504_93.3_30,,2005_4_93.3_30,CO135,CO1_2005_4_93.3_30_1_2,2005_4_93.3_30,2005,1,2,Sample,NA,4/16/05,32.843333,-117.54,32.843333 N 117.54 W,125
CO1_ETOHJAR.0124.S184.L002,Tech_rep_2_0504_93.3_60,0504_93.3_60,132,Tech_rep_2_0504_93.3_60,0504_93.3_60,,2005_4_93.3_60,CO136,CO1_2005_4_93.3_60_1_2,2005_4_93.3_60,2005,1,2,Sample,NA,4/17/05,31.848333,-119.58,31.848333 N 119.58 W,125
CO1_ETOHJAR.0125.S185.L002,Tech_rep_2_0604_80_60,0604_80_60,133,Tech_rep_2_0604_80_60,0604_80_60,,2006_4_80_60,CO137,CO1_2006_4_80_60_1_2,2006_4_80_60,2006,1,2,Sample,NA,4/14/06,34.155,-121.155,34.155 N 121.155 W,125
CO1_ETOHJAR.0126.S186.L002,Tech_rep_2_0604_86.7_50,0604_86.7_50,134,Tech_rep_2_0604_86.7_50,0604_86.7_50,,2006_4_86.7_50,CO138,CO1_2006_4_86.7_50_1_2,2006_4_86.7_50,2006,1,2,Sample,NA,4/9/06,33.318333,-119.65,33.318333 N 119.65 W,125
CO1_ETOHJAR.0127.S187.L002,Tech_rep_2_0604_93.3_30,0604_93.3_30,135,Tech_rep_2_0604_93.3_30,0604_93.3_30,,2006_4_93.3_30,CO139,CO1_2006_4_93.3_30_1_2,2006_4_93.3_30,2006,1,2,Sample,NA,4/2/06,32.846666,-117.533333,32.846666 N 117.533333 W,125
CO1_ETOHJAR.0128.S188.L002,Tech_rep_2_0604_93.3_60,0604_93.3_60,136,Tech_rep_2_0604_93.3_60,0604_93.3_60,,2006_4_93.3_60,CO140,CO1_2006_4_93.3_60_1_2,2006_4_93.3_60,2006,1,2,Sample,NA,4/3/06,31.846666,-119.576666,31.846666 N 119.576666 W,125
CO1_ETOHJAR.0129.S189.L002,Tech_rep_2_0704_80_60,0704_80_60,137,Tech_rep_2_0704_80_60,0704_80_60,,2007_4_80_60,CO141,CO1_2007_4_80_60_1_2,2007_4_80_60,2007,1,2,Sample,NA,4/14/07,34.148333,-121.15,34.148333 N 121.15 W,120
CO1_ETOHJAR.0130.S190.L002,Tech_rep_2_0704_80_60_J2,0704_80_60_J2,138,Tech_rep_2_0704_80_60_J2,0704_80_60_J2,,2007_4_80_60_J2,CO142,CO1_2007_4_80_60_2_2,2007_4_80_60,2007,2,2,Sample,NA,4/14/07,34.148333,-121.15,34.148333 N 121.15 W,120
CO1_ETOHJAR.0131.S191.L002,Tech_rep_2_0704_86.7_50,0704_86.7_50,139,Tech_rep_2_0704_86.7_50,0704_86.7_50,,2007_4_86.7_50,CO143,CO1_2007_4_86.7_50_1_2,2007_4_86.7_50,2007,1,2,Sample,NA,4/8/07,33.323333,-119.66,33.323333 N 119.66 W,125
CO1_ETOHJAR.0132.S192.L002,Tech_rep_2_0704_93.3_30,0704_93.3_30,140,Tech_rep_2_0704_93.3_30,0704_93.3_30,,2007_3_93.3_30,CO144,CO1_2007_3_93.3_30_1_2,2007_3_93.3_30,2007,1,2,Sample,NA,3/28/07,32.845,-117.526666,32.845 N 117.526666 W,125
CO1_ETOHJAR.0133.S193.L002,Tech_rep_2_0704_93.3_60,0704_93.3_60,141,Tech_rep_2_0704_93.3_60,0704_93.3_60,,2007_3_93.3_60,CO145,CO1_2007_3_93.3_60_1_2,2007_3_93.3_60,2007,1,2,Sample,NA,3/29/07,31.846666,-119.566666,31.846666 N 119.566666 W,125
CO1_ETOHJAR.0134.S194.L002,Tech_rep_2_0804_86.7_50,0804_86.7_50,142,Tech_rep_2_0804_86.7_50,0804_86.7_50,,2008_4_86.7_50,CO146,CO1_2008_4_86.7_50_1_2,2008_4_86.7_50,2008,1,2,Sample,NA,4/1/08,33.321666,-119.661666,33.321666 N 119.661666 W,125
CO1_ETOHJAR.0135.S195.L002,Tech_rep_2_Alligator,Alligator,143,Tech_rep_2_Alligator,Alligator,,Alligator,CO147,CO1_Alligator_1_2,Alligator,NA,1,2,Control,Pos,NA,NA,NA,NA,NA
CO1_ETOHJAR.0136.S196.L002,Tech_rep_2_PCR_neg,PCR_neg,144,Tech_rep_2_PCR_neg,PCR_neg,,PCR_negative,CO148,CO1_PCR_negative_1_2,PCR_negative,NA,1,2,Control,Neg,NA,NA,NA,NA,NA
CO1_ETOHJAR.0137.S197.L002,Tech_rep_2_0804_93.3_30,0804_93.3_30,145,Tech_rep_2_0804_93.3_30,0804_93.3_30,,2008_3_93.3_30,CO149,CO1_2008_3_93.3_30_1_2,2008_3_93.3_30,2008,1,2,Sample,NA,3/25/08,32.845,-117.53,32.845 N 117.53 W,125
CO1_ETOHJAR.0138.S198.L002,Tech_rep_2_0804_93.3_60,0804_93.3_60,146,Tech_rep_2_0804_93.3_60,0804_93.3_60,,2008_3_93.3_60,CO150,CO1_2008_3_93.3_60_1_2,2008_3_93.3_60,2008,1,2,Sample,NA,3/26/08,31.845,-119.57,31.845 N 119.57 W,125
CO1_ETOHJAR.0139.S199.L002,Tech_rep_2_0903_80_60,0903_80_60,147,Tech_rep_2_0903_80_60,0903_80_60,,2009_3_80_60,CO151,CO1_2009_3_80_60_1_2,2009_3_80_60,2009,1,2,Sample,NA,3/20/09,34.15,-121.146666,34.15 N 121.146666 W,125
CO1_ETOHJAR.0140.S200.L002,Tech_rep_2_0903_86.7_50_J1,0903_86.7_50_J1,148,Tech_rep_2_0903_86.7_50_J1,0903_86.7_50_J1,,2009_3_86.7_50_J1,CO152,CO1_2009_3_86.7_50_1_2,2009_3_86.7_50,2009,1,2,Sample,NA,3/15/09,33.323333,-119.663333,33.323333 N 119.663333 W,34
CO1_ETOHJAR.0141.S201.L002,Tech_rep_2_0903_86.7_50_J2,0903_86.7_50_J2,149,Tech_rep_2_0903_86.7_50_J2,0903_86.7_50_J2,,2009_3_86.7_50_J2,CO153,CO1_2009_3_86.7_50_2_2,2009_3_86.7_50,2009,2,2,Sample,NA,3/15/09,33.323333,-119.663333,33.323333 N 119.663333 W,34
CO1_ETOHJAR.0142.S202.L002,Tech_rep_2_0903_86.7_50_J3,0903_86.7_50_J3,150,Tech_rep_2_0903_86.7_50_J3,0903_86.7_50_J3,,2009_3_86.7_50_J3,CO154,CO1_2009_3_86.7_50_3_2,2009_3_86.7_50,2009,3,2,Sample,NA,3/15/09,33.323333,-119.663333,33.323333 N 119.663333 W,34
CO1_ETOHJAR.0143.S203.L002,Tech_rep_2_0903_93.3_30,0903_93.3_30,151,Tech_rep_2_0903_93.3_30,0903_93.3_30,,2009_3_93.3_30,CO155,CO1_2009_3_93.3_30_1_2,2009_3_93.3_30,2009,1,2,Sample,NA,3/8/09,32.846666,-117.535,32.846666 N 117.535 W,125
CO1_ETOHJAR.0144.S204.L002,Tech_rep_2_0903_93.3_60,0903_93.3_60,152,Tech_rep_2_0903_93.3_60,0903_93.3_60,,2009_3_93.3_60,CO156,CO1_2009_3_93.3_60_1_2,2009_3_93.3_60,2009,1,2,Sample,NA,3/9/09,31.85,-119.57,31.85 N 119.57 W,125
CO1_ETOHJAR.0145.S205.L002,Tech_rep_2_1004_80_60,1004_80_60,153,Tech_rep_2_1004_80_60,1004_80_60,,2010_5_80_60,CO157,CO1_2010_5_80_60_1_2,2010_5_80_60,2010,1,2,Sample,NA,5/17/10,34.146667,-121.143333,34.146667 N 121.143333 W,125
CO1_ETOHJAR.0146.S206.L002,Tech_rep_2_1004_93.3_30,1004_93.3_30,154,Tech_rep_2_1004_93.3_30,1004_93.3_30,,2010_4_93.3_30,CO158,CO1_2010_4_93.3_30_1_2,2010_4_93.3_30,2010,1,2,Sample,NA,4/27/10,32.848333,-117.531667,32.848333 N 117.531667 W,125
CO1_ETOHJAR.0147.S207.L002,Tech_rep_2_1004_93.3_60,1004_93.3_60,155,Tech_rep_2_1004_93.3_60,1004_93.3_60,,2010_4_93.3_60,CO159,CO1_2010_4_93.3_60_1_2,2010_4_93.3_60,2010,1,2,Sample,NA,4/28/10,31.848333,-119.57,31.848333 N 119.57 W,125
CO1_ETOHJAR.0148.S208.L002,Tech_rep_2_1104_80_60,1104_80_60,156,Tech_rep_2_1104_80_60,1104_80_60,,2011_4_80_60,CO160,CO1_2011_4_80_60_1_2,2011_4_80_60,2011,1,2,Sample,NA,4/23/11,34.15,-121.155,34.15 N 121.155 W,50
CO1_ETOHJAR.0149.S209.L002,Tech_rep_2_1104_86.7_50,1104_86.7_50,157,Tech_rep_2_1104_86.7_50,1104_86.7_50,,2011_4_86.7_50,CO161,CO1_2011_4_86.7_50_1_2,2011_4_86.7_50,2011,1,2,Sample,NA,4/18/11,33.325,-119.668333,33.325 N 119.668333 W,125
CO1_ETOHJAR.0150.S210.L002,Tech_rep_2_1104_93.3_30,1104_93.3_30,158,Tech_rep_2_1104_93.3_30,1104_93.3_30,,2011_4_93.3_30,CO162,CO1_2011_4_93.3_30_1_2,2011_4_93.3_30,2011,1,2,Sample,NA,4/10/11,32.848333,-117.528333,32.848333 N 117.528333 W,125
CO1_ETOHJAR.0151.S211.L002,Tech_rep_2_1104_93.3_60,1104_93.3_60,159,Tech_rep_2_1104_93.3_60,1104_93.3_60,,2011_4_93.3_60,CO163,CO1_2011_4_93.3_60_1_2,2011_4_93.3_60,2011,1,2,Sample,NA,4/11/11,31.851667,-119.578333,31.851667 N 119.578333 W,125
CO1_ETOHJAR.0152.S212.L002,Tech_rep_2_1203_80_60,1203_80_60,160,Tech_rep_2_1203_80_60,1203_80_60,,2012_4_80_60,CO164,CO1_2012_4_80_60_1_2,2012_4_80_60,2012,1,2,Sample,NA,4/6/12,34.151667,-121.148333,34.151667 N 121.148333 W,125
CO1_ETOHJAR.0153.S213.L002,Tech_rep_2_1203_86.7_50,1203_86.7_50,161,Tech_rep_2_1203_86.7_50,1203_86.7_50,,2012_3_86.7_50,CO165,CO1_2012_3_86.7_50_1_2,2012_3_86.7_50,2012,1,2,Sample,NA,3/31/12,33.321667,-119.665,33.321667 N 119.665 W,125
CO1_ETOHJAR.0154.S214.L002,Tech_rep_2_1203_93.3_30,1203_93.3_30,162,Tech_rep_2_1203_93.3_30,1203_93.3_30,,2012_3_93.3_30,CO166,CO1_2012_3_93.3_30_1_2,2012_3_93.3_30,2012,1,2,Sample,NA,3/25/12,32.843333,-117.533333,32.843333 N 117.533333 W,125
CO1_ETOHJAR.0155.S215.L002,Tech_rep_2_1203_93.3_60,1203_93.3_60,163,Tech_rep_2_1203_93.3_60,1203_93.3_60,,2012_3_93.3_60,CO167,CO1_2012_3_93.3_60_1_2,2012_3_93.3_60,2012,1,2,Sample,NA,3/26/12,31.845,-119.573333,31.845 N 119.573333 W,125
CO1_ETOHJAR.0156.S216.L002,Tech_rep_2_1304_80_60,1304_80_60,164,Tech_rep_2_1304_80_60,1304_80_60,,2013_4_80_60,CO168,CO1_2013_4_80_60_1_2,2013_4_80_60,2013,1,2,Sample,NA,4/20/13,34.15232,-121.16733,34.15232 N 121.16733 W,125
CO1_ETOHJAR.0157.S217.L002,Tech_rep_2_1304_86.7_50,1304_86.7_50,165,Tech_rep_2_1304_86.7_50,1304_86.7_50,,2013_4_86.7_50,CO169,CO1_2013_4_86.7_50_1_2,2013_4_86.7_50,2013,1,2,Sample,NA,4/15/13,33.3245,-119.66017,33.3245 N 119.66017 W,125
CO1_ETOHJAR.0158.S218.L002,Tech_rep_2_1304_93.3_30,1304_93.3_30,166,Tech_rep_2_1304_93.3_30,1304_93.3_30,,2013_4_93.3_30,CO170,CO1_2013_4_93.3_30_1_2,2013_4_93.3_30,2013,1,2,Sample,NA,4/7/13,32.8385,-117.533,32.8385 N 117.533 W,125
CO1_ETOHJAR.0159.S219.L002,Tech_rep_2_1304_93.3_60,1304_93.3_60,167,Tech_rep_2_1304_93.3_60,1304_93.3_60,,2013_4_93.3_60,CO171,CO1_2013_4_93.3_60_1_2,2013_4_93.3_60,2013,1,2,Sample,NA,4/11/13,31.8475,-119.5805,31.8475 N 119.5805 W,125
CO1_ETOHJAR.0160.S220.L002,Tech_rep_2_1404_80_60_J1,1404_80_60_J1,168,Tech_rep_2_1404_80_60_J1,1404_80_60_J1,,2014_4_80_60_J1,CO172,CO1_2014_4_80_60_1_2,2014_4_80_60,2014,1,2,Sample,NA,4/13/14,34.16203,-121.15758,34.16203 N 121.15758 W,125
CO1_ETOHJAR.0161.S221.L002,Tech_rep_2_1404_80_60_J2,1404_80_60_J2,169,Tech_rep_2_1404_80_60_J2,1404_80_60_J2,,2014_4_80_60_J2,CO173,CO1_2014_4_80_60_2_2,2014_4_80_60,2014,2,2,Sample,NA,4/13/14,34.16203,-121.15758,34.16203 N 121.15758 W,125
CO1_ETOHJAR.0162.S222.L002,Tech_rep_2_1404_93.3_30,1404_93.3_30,170,Tech_rep_2_1404_93.3_30,1404_93.3_30,,2014_4_93.3_30,CO174,CO1_2014_4_93.3_30_1_2,2014_4_93.3_30,2014,1,2,Sample,NA,4/2/14,32.84772,-117.53193,32.84772 N 117.53193 W,125
CO1_ETOHJAR.0163.S223.L002,Tech_rep_2_1404_93.3_60,1404_93.3_60,171,Tech_rep_2_1404_93.3_60,1404_93.3_60,,2014_4_93.3_60,CO175,CO1_2014_4_93.3_60_1_2,2014_4_93.3_60,2014,1,2,Sample,NA,4/3/14,31.84738,-119.56267,31.84738 N 119.56267 W,125
CO1_ETOHJAR.0164.S224.L002,Tech_rep_2_1504_80_60,1504_80_60,172,Tech_rep_2_1504_80_60,1504_80_60,,2015_4_80_60,CO176,CO1_2015_4_80_60_1_2,2015_4_80_60,2015,1,2,Sample,NA,4/16/15,34.15052,-121.14713,34.15052 N 121.14713 W,100
CO1_ETOHJAR.0165.S225.L002,Tech_rep_2_1504_86.7_50,1504_86.7_50,173,Tech_rep_2_1504_86.7_50,1504_86.7_50,,2015_4_86.7_50,CO177,CO1_2015_4_86.7_50_1_2,2015_4_86.7_50,2015,1,2,Sample,NA,4/11/15,33.32897,-119.6576,33.32897 N 119.6576 W,125
CO1_ETOHJAR.0166.S226.L002,Tech_rep_2_1504_93.3_30,1504_93.3_30,174,Tech_rep_2_1504_93.3_30,1504_93.3_30,,2015_4_93.3_30,CO178,CO1_2015_4_93.3_30_1_2,2015_4_93.3_30,2015,1,2,Sample,NA,4/5/15,32.84228,-117.53622,32.84228 N 117.53622 W,125
CO1_ETOHJAR.0167.S227.L002,Tech_rep_2_1504_93.3_60,1504_93.3_60,175,Tech_rep_2_1504_93.3_60,1504_93.3_60,,2015_4_93.3_60,CO179,CO1_2015_4_93.3_60_1_2,2015_4_93.3_60,2015,1,2,Sample,NA,4/6/15,31.84518,-119.56667,31.84518 N 119.56667 W,125
CO1_ETOHJAR.0168.S228.L002,Tech_rep_2_1604_86.7_50_J1,1604_86.7_50_J1,176,Tech_rep_2_1604_86.7_50_J1,1604_86.7_50_J1,,2016_4_86.7_50_J1,CO180,CO1_2016_4_86.7_50_1_2,2016_4_86.7_50,2016,1,2,Sample,NA,4/9/16,33.31567,-119.65623,33.31567 N 119.65623 W,125
CO1_ETOHJAR.0169.S229.L002,Tech_rep_2_1604_86.7_50_J2,1604_86.7_50_J2,177,Tech_rep_2_1604_86.7_50_J2,1604_86.7_50_J2,,2016_4_86.7_50_J2,CO181,CO1_2016_4_86.7_50_2_2,2016_4_86.7_50,2016,2,2,Sample,NA,4/9/16,33.31567,-119.65623,33.31567 N 119.65623 W,125
CO1_ETOHJAR.0170.S230.L002,Tech_rep_2_1604_93.3_30,1604_93.3_30,178,Tech_rep_2_1604_93.3_30,1604_93.3_30,,2016_4_93.3_30,CO182,CO1_2016_4_93.3_30_1_2,2016_4_93.3_30,2016,1,2,Sample,NA,4/2/16,32.84232,-117.53212,32.84232 N 117.53212 W,125
CO1_ETOHJAR.0171.S231.L002,Tech_rep_2_1604_93.3_60,1604_93.3_60,179,Tech_rep_2_1604_93.3_60,1604_93.3_60,,2016_4_93.3_60,CO183,CO1_2016_4_93.3_60_1_2,2016_4_93.3_60,2016,1,2,Sample,NA,4/3/16,31.84073,-119.57013,31.84073 N 119.57013 W,125
CO1_ETOHJAR.0172.S232.L002,Tech_rep_2_1704_80_60,1704_80_60,180,Tech_rep_2_1704_80_60,1704_80_60,,2017_4_80_60,CO184,CO1_2017_4_80_60_1_2,2017_4_80_60,2017,1,2,Sample,NA,4/11/17,34.14817,-121.15233,34.14817 N 121.15233 W,125
CO1_ETOHJAR.0173.S233.L002,Tech_rep_2_1704_86.7_50,1704_86.7_50,181,Tech_rep_2_1704_86.7_50,1704_86.7_50,,2017_4_86.7_50,CO185,CO1_2017_4_86.7_50_1_2,2017_4_86.7_50,2017,1,2,Sample,NA,4/6/17,33.32372,-119.66018,33.32372 N 119.66018 W,125
CO1_ETOHJAR.0174.S234.L002,Tech_rep_2_1704_93.3_60,1704_93.3_60,182,Tech_rep_2_1704_93.3_60,1704_93.3_60,,2017_3_93.3_60,CO186,CO1_2017_3_93.3_60_1_2,2017_3_93.3_60,2017,1,2,Sample,NA,3/30/17,31.84467,-119.57317,31.84467 N 119.57317 W,125
CO1_ETOHJAR.0175.S235.L002,Tech_rep_2_1804_80_60,1804_80_60,183,Tech_rep_2_1804_80_60,1804_80_60,,2018_4_80_60,CO187,CO1_2018_4_80_60_1_2,2018_4_80_60,2018,1,2,Sample,NA,4/18/18,34.14462,-121.1617,34.14462 N 121.1617 W,125
CO1_ETOHJAR.0176.S236.L002,Tech_rep_2_1804_86.7_50,1804_86.7_50,184,Tech_rep_2_1804_86.7_50,1804_86.7_50,,2018_4_86.7_50,CO188,CO1_2018_4_86.7_50_1_2,2018_4_86.7_50,2018,1,2,Sample,NA,4/12/18,33.31112,-119.6585,33.31112 N 119.6585 W,125
CO1_ETOHJAR.275.S345.L002,Tech_rep_2_1804_86.7_50_CN,1804_86.7_50_CN,185,Tech_rep_2_1804_86.7_50_CN,1804_86.7_50_CN,,2018_4_86.7_50_CN,CO189,CO1_2018_4_86.7_50_2_2,2018_4_86.7_50,2018,2,2,Sample,NA,4/12/18,33.31112,-119.6585,33.31112 N 119.6585 W,125
CO1_ETOHJAR.276.S346.L002,Tech_rep_2_1804_93.3_30,1804_93.3_30,186,Tech_rep_2_1804_93.3_30,1804_93.3_30,,2018_4_93.3_30,CO190,CO1_2018_4_93.3_30_1_2,2018_4_93.3_30,2018,1,2,Sample,NA,4/6/18,32.84637,-117.5232,32.84637 N 117.5232 W,125
CO1_ETOHJAR.277.S347.L002,Tech_rep_2_1804_93.3_60,1804_93.3_60,187,Tech_rep_2_1804_93.3_60,1804_93.3_60,,2018_4_93.3_60,CO191,CO1_2018_4_93.3_60_1_2,2018_4_93.3_60,2018,1,2,Sample,NA,4/7/18,31.84667,-119.5725,31.84667 N 119.5725 W,125
CO1_ETOHJAR.278.S348.L002,Tech_rep_2_1904_80_60_J1,1904_80_60_J1,188,Tech_rep_2_1904_80_60_J1,1904_80_60_J1,,2019_4_80_60_J1,CO192,CO1_2019_4_80_60_1_2,2019_4_80_60,2019,1,2,Sample,NA,4/15/19,34.14882,-121.15433,34.14882 N 121.15433 W,125
CO1_ETOHJAR.279.S349.L002,Tech_rep_2_1904_80_60_J2,1904_80_60_J2,189,Tech_rep_2_1904_80_60_J2,1904_80_60_J2,,2019_4_80_60_J2,CO193,CO1_2019_4_80_60_2_2,2019_4_80_60,2019,2,2,Sample,NA,4/15/19,34.14882,-121.15433,34.14882 N 121.15433 W,125
CO1_ETOHJAR.280.S350.L002,Tech_rep_2_1904_86.7_50,1904_86.7_50,190,Tech_rep_2_1904_86.7_50,1904_86.7_50,,2019_4_86.7_50,CO194,CO1_2019_4_86.7_50_1_2,2019_4_86.7_50,2019,1,2,Sample,NA,4/8/19,33.32117,-119.66517,33.32117 N 119.66517 W,125
CO1_ETOHJAR.281.S351.L002,Tech_rep_2_1904_93.3_30,1904_93.3_30,191,Tech_rep_2_1904_93.3_30,1904_93.3_30,,2019_4_93.3_30,CO195,CO1_2019_4_93.3_30_1_2,2019_4_93.3_30,2019,1,2,Sample,NA,4/3/19,32.845,-117.52782,32.845 N 117.52782 W,125
CO1_ETOHJAR.282.S352.L002,Tech_rep_2_1904_93.3_60,1904_93.3_60,192,Tech_rep_2_1904_93.3_60,1904_93.3_60,,2019_4_93.3_60,CO196,CO1_2019_4_93.3_60_1_2,2019_4_93.3_60,2019,1,2,Sample,NA,4/4/19,31.84682,-119.57432,31.84682 N 119.57432 W,125
CO1_ETOHJAR.0177.S237.L002,Tech_rep_3_9604_80_60,9604_80_60,193,Tech_rep_3_9604_80_60,9604_80_60,,1996_4_80_60,CO201,CO1_1996_4_80_60_1_3,1996_4_80_60,1996,1,3,Sample,NA,4/28/96,34.151666,-121.148333,34.151666 N 121.148333 W,125
CO1_ETOHJAR.0178.S238.L002,Tech_rep_3_9604_86.7_50,9604_86.7_50,194,Tech_rep_3_9604_86.7_50,9604_86.7_50,,1996_4_86.7_50,CO202,CO1_1996_4_86.7_50_1_3,1996_4_86.7_50,1996,1,3,Sample,NA,4/23/96,33.325,-119.661666,33.325 N 119.661666 W,125
CO1_ETOHJAR.0179.S239.L002,Tech_rep_3_9604_93.3_30,9604_93.3_30,195,Tech_rep_3_9604_93.3_30,9604_93.3_30,,1996_4_93.3_30,CO203,CO1_1996_4_93.3_30_1_3,1996_4_93.3_30,1996,1,3,Sample,NA,4/16/96,32.848333,-117.526666,32.848333 N 117.526666 W,125
CO1_ETOHJAR.0180.S240.L002,Tech_rep_3_9604_93.3_60,9604_93.3_60,196,Tech_rep_3_9604_93.3_60,9604_93.3_60,,1996_4_93.3_60,CO204,CO1_1996_4_93.3_60_1_3,1996_4_93.3_60,1996,1,3,Sample,NA,4/17/96,31.848333,-119.571666,31.848333 N 119.571666 W,125
CO1_BLANK.1.S241.L002,Tech_rep_3_9804_80_60,9804_80_60,197,Tech_rep_3_9804_80_60,9804_80_60,,1998_4_80_60,CO205,CO1_1998_4_80_60_1_3,1998_4_80_60,1998,1,3,Sample,NA,4/15/98,34.151666,-121.145,34.151666 N 121.145 W,125
CO1_BLANK.2.S242.L002,Tech_rep_3_9804_86.7_50,9804_86.7_50,198,Tech_rep_3_9804_86.7_50,9804_86.7_50,,1998_4_86.7_50,CO206,CO1_1998_4_86.7_50_1_3,1998_4_86.7_50,1998,1,3,Sample,NA,4/10/98,33.323333,-119.663333,33.323333 N 119.663333 W,125
CO1_CAMEL.1.S243.L002,Tech_rep_3_9804_93.3_30,9804_93.3_30,199,Tech_rep_3_9804_93.3_30,9804_93.3_30,,1998_4_93.3_30,CO207,CO1_1998_4_93.3_30_1_3,1998_4_93.3_30,1998,1,3,Sample,NA,4/3/98,32.848333,-117.528333,32.848333 N 117.528333 W,125
CO1_PCR.NEG.1.S244.L002,Tech_rep_3_9804_93.3_60,9804_93.3_60,200,Tech_rep_3_9804_93.3_60,9804_93.3_60,,1998_4_93.3_60,CO208,CO1_1998_4_93.3_60_1_3,1998_4_93.3_60,1998,1,3,Sample,NA,4/4/98,31.846666,-119.571666,31.846666 N 119.571666 W,125
CO1_ETOHJAR.0181.S245.L002,Tech_rep_3_9904_80_60,9904_80_60,201,Tech_rep_3_9904_80_60,9904_80_60,,1999_4_80_60,CO209,CO1_1999_4_80_60_1_3,1999_4_80_60,1999,1,3,Sample,NA,4/13/99,34.153333,-121.146666,34.153333 N 121.146666 W,125
CO1_ETOHJAR.0182.S246.L002,Tech_rep_3_9904_86.7_50,9904_86.7_50,202,Tech_rep_3_9904_86.7_50,9904_86.7_50,,1999_4_86.7_50,CO210,CO1_1999_4_86.7_50_1_3,1999_4_86.7_50,1999,1,3,Sample,NA,4/8/99,33.325,-119.663333,33.325 N 119.663333 W,125
CO1_ETOHJAR.0183.S247.L002,Tech_rep_3_9904_93.3_30,9904_93.3_30,203,Tech_rep_3_9904_93.3_30,9904_93.3_30,,1999_4_93.3_30,CO211,CO1_1999_4_93.3_30_1_3,1999_4_93.3_30,1999,1,3,Sample,NA,4/2/99,32.845,-117.53,32.845 N 117.53 W,125
CO1_ETOHJAR.0184.S248.L002,Tech_rep_3_9904_93.3_60,9904_93.3_60,204,Tech_rep_3_9904_93.3_60,9904_93.3_60,,1999_4_93.3_60,CO212,CO1_1999_4_93.3_60_1_3,1999_4_93.3_60,1999,1,3,Sample,NA,4/3/99,31.85,-119.568333,31.85 N 119.568333 W,125
CO1_ETOHJAR.0185.S249.L002,Tech_rep_3_0004_80_60,0004_80_60,205,Tech_rep_3_0004_80_60,0004_80_60,,2000_4_80_60,CO213,CO1_2000_4_80_60_1_3,2000_4_80_60,2000,1,3,Sample,NA,4/19/00,34.148333,-121.156666,34.148333 N 121.156666 W,125
CO1_ETOHJAR.0186.S250.L002,Tech_rep_3_0004_86.7_50,0004_86.7_50,206,Tech_rep_3_0004_86.7_50,0004_86.7_50,,2000_4_86.7_50,CO214,CO1_2000_4_86.7_50_1_3,2000_4_86.7_50,2000,1,3,Sample,NA,4/15/00,33.323333,-119.666666,33.323333 N 119.666666 W,125
CO1_ETOHJAR.0187.S251.L002,Tech_rep_3_0004_93.3_30,0004_93.3_30,207,Tech_rep_3_0004_93.3_30,0004_93.3_30,,2000_4_93.3_30,CO215,CO1_2000_4_93.3_30_1_3,2000_4_93.3_30,2000,1,3,Sample,NA,4/8/00,32.846666,-117.538333,32.846666 N 117.538333 W,125
CO1_ETOHJAR.0188.S252.L002,Tech_rep_3_0004_93.3_60,0004_93.3_60,208,Tech_rep_3_0004_93.3_60,0004_93.3_60,,2000_4_93.3_60,CO216,CO1_2000_4_93.3_60_1_3,2000_4_93.3_60,2000,1,3,Sample,NA,4/9/00,31.85,-119.568333,31.85 N 119.568333 W,125
CO1_ETOHJAR.0189.S253.L002,Tech_rep_3_0104_80_60,0104_80_60,209,Tech_rep_3_0104_80_60,0104_80_60,,2001_4_80_60,CO217,CO1_2001_4_80_60_1_3,2001_4_80_60,2001,1,3,Sample,NA,4/20/01,34.145,-121.161666,34.145 N 121.161666 W,75
CO1_ETOHJAR.0190.S254.L002,Tech_rep_3_0104_86.7_50,0104_86.7_50,210,Tech_rep_3_0104_86.7_50,0104_86.7_50,,2001_4_86.7_50,CO218,CO1_2001_4_86.7_50_1_3,2001_4_86.7_50,2001,1,3,Sample,NA,4/14/01,33.32,-119.66,33.32 N 119.66 W,125
CO1_ETOHJAR.0191.S255.L002,Tech_rep_3_0104_93.3_30,0104_93.3_30,211,Tech_rep_3_0104_93.3_30,0104_93.3_30,,2001_4_93.3_30,CO219,CO1_2001_4_93.3_30_1_3,2001_4_93.3_30,2001,1,3,Sample,NA,4/7/01,32.845,-117.531666,32.845 N 117.531666 W,125
CO1_ETOHJAR.0192.S256.L002,Tech_rep_3_0104_93.3_60,0104_93.3_60,212,Tech_rep_3_0104_93.3_60,0104_93.3_60,,2001_4_93.3_60,CO220,CO1_2001_4_93.3_60_1_3,2001_4_93.3_60,2001,1,3,Sample,NA,4/8/01,31.855,-119.568333,31.855 N 119.568333 W,125
CO1_ETOHJAR.0193.S257.L002,Tech_rep_3_0204_80_60,0204_80_60,213,Tech_rep_3_0204_80_60,0204_80_60,,2002_4_80_60,CO221,CO1_2002_4_80_60_1_3,2002_4_80_60,2002,1,3,Sample,NA,4/9/02,34.146666,-121.155,34.146666 N 121.155 W,75
CO1_ETOHJAR.0194.S258.L002,Tech_rep_3_0204_86.7_50,0204_86.7_50,214,Tech_rep_3_0204_86.7_50,0204_86.7_50,,2002_4_86.7_50,CO222,CO1_2002_4_86.7_50_1_3,2002_4_86.7_50,2002,1,3,Sample,NA,4/4/02,33.323333,-119.656666,33.323333 N 119.656666 W,125
CO1_ETOHJAR.0195.S259.L002,Tech_rep_3_0204_93.3_30,0204_93.3_30,215,Tech_rep_3_0204_93.3_30,0204_93.3_30,,2002_3_93.3_30,CO223,CO1_2002_3_93.3_30_1_3,2002_3_93.3_30,2002,1,3,Sample,NA,3/29/02,32.848333,-117.531666,32.848333 N 117.531666 W,125
CO1_ETOHJAR.0196.S260.L002,Tech_rep_3_0204_93.3_60,0204_93.3_60,216,Tech_rep_3_0204_93.3_60,0204_93.3_60,,2002_3_93.3_60,CO224,CO1_2002_3_93.3_60_1_3,2002_3_93.3_60,2002,1,3,Sample,NA,3/30/02,31.846666,-119.571666,31.846666 N 119.571666 W,125
CO1_ETOHJAR.0197.S261.L002,Tech_rep_3_0304_80_60,0304_80_60,217,Tech_rep_3_0304_80_60,0304_80_60,,2003_4_80_60,CO225,CO1_2003_4_80_60_1_3,2003_4_80_60,2003,1,3,Sample,NA,4/16/03,34.155,-121.13,34.155 N 121.13 W,125
CO1_ETOHJAR.0198.S262.L002,Tech_rep_3_0304_86.7_50,0304_86.7_50,218,Tech_rep_3_0304_86.7_50,0304_86.7_50,,2003_4_86.7_50,CO226,CO1_2003_4_86.7_50_1_3,2003_4_86.7_50,2003,1,3,Sample,NA,4/11/03,33.323333,-119.663333,33.323333 N 119.663333 W,125
CO1_ETOHJAR.0199.S263.L002,Tech_rep_3_0304_93.3_30,0304_93.3_30,219,Tech_rep_3_0304_93.3_30,0304_93.3_30,,2003_4_93.3_30,CO227,CO1_2003_4_93.3_30_1_3,2003_4_93.3_30,2003,1,3,Sample,NA,4/24/03,32.846666,-117.531666,32.846666 N 117.531666 W,125
CO1_ETOHJAR.0200.S264.L002,Tech_rep_3_0304_93.3_60,0304_93.3_60,220,Tech_rep_3_0304_93.3_60,0304_93.3_60,,2003_4_93.3_60,CO228,CO1_2003_4_93.3_60_1_3,2003_4_93.3_60,2003,1,3,Sample,NA,4/23/03,31.846666,-119.571666,31.846666 N 119.571666 W,125
CO1_ETOHJAR.0201.S265.L002,Tech_rep_3_0404_80_60,0404_80_60,221,Tech_rep_3_0404_80_60,0404_80_60,,2004_4_80_60,CO229,CO1_2004_4_80_60_1_3,2004_4_80_60,2004,1,3,Sample,NA,4/4/04,34.153333,-121.153333,34.153333 N 121.153333 W,125
CO1_ETOHJAR.0202.S266.L002,Tech_rep_3_0404_86.7_50,0404_86.7_50,222,Tech_rep_3_0404_86.7_50,0404_86.7_50,,2004_3_86.7_50,CO230,CO1_2004_3_86.7_50_1_3,2004_3_86.7_50,2004,1,3,Sample,NA,3/30/04,33.323333,-119.661666,33.323333 N 119.661666 W,125
CO1_ETOHJAR.0203.S267.L002,Tech_rep_3_0404_93.3_30,0404_93.3_30,223,Tech_rep_3_0404_93.3_30,0404_93.3_30,,2004_3_93.3_30,CO231,CO1_2004_3_93.3_30_1_3,2004_3_93.3_30,2004,1,3,Sample,NA,3/24/04,32.846666,-117.531666,32.846666 N 117.531666 W,125
CO1_ETOHJAR.0204.S268.L002,Tech_rep_3_0404_93.3_60,0404_93.3_60,224,Tech_rep_3_0404_93.3_60,0404_93.3_60,,2004_3_93.3_60,CO232,CO1_2004_3_93.3_60_1_3,2004_3_93.3_60,2004,1,3,Sample,NA,3/25/04,31.846666,-119.575,31.846666 N 119.575 W,125
CO1_ETOHJAR.0205.S269.L002,Tech_rep_3_0504_80_60,0504_80_60,225,Tech_rep_3_0504_80_60,0504_80_60,,2005_4_80_60,CO233,CO1_2005_4_80_60_1_3,2005_4_80_60,2005,1,3,Sample,NA,4/27/05,34.146667,-121.15,34.146667 N 121.15 W,125
CO1_ETOHJAR.0206.S270.L002,Tech_rep_3_0504_86.7_50,0504_86.7_50,226,Tech_rep_3_0504_86.7_50,0504_86.7_50,,2005_4_86.7_50,CO234,CO1_2005_4_86.7_50_1_3,2005_4_86.7_50,2005,1,3,Sample,NA,4/26/05,33.321667,-119.665,33.321667 N 119.665 W,125
CO1_ETOHJAR.0207.S271.L002,Tech_rep_3_0504_93.3_30,0504_93.3_30,227,Tech_rep_3_0504_93.3_30,0504_93.3_30,,2005_4_93.3_30,CO235,CO1_2005_4_93.3_30_1_3,2005_4_93.3_30,2005,1,3,Sample,NA,4/16/05,32.843333,-117.54,32.843333 N 117.54 W,125
CO1_ETOHJAR.0208.S272.L002,Tech_rep_3_0504_93.3_60,0504_93.3_60,228,Tech_rep_3_0504_93.3_60,0504_93.3_60,,2005_4_93.3_60,CO236,CO1_2005_4_93.3_60_1_3,2005_4_93.3_60,2005,1,3,Sample,NA,4/17/05,31.848333,-119.58,31.848333 N 119.58 W,125
CO1_ETOHJAR.0209.S273.L002,Tech_rep_3_0604_80_60,0604_80_60,229,Tech_rep_3_0604_80_60,0604_80_60,,2006_4_80_60,CO237,CO1_2006_4_80_60_1_3,2006_4_80_60,2006,1,3,Sample,NA,4/14/06,34.155,-121.155,34.155 N 121.155 W,125
CO1_ETOHJAR.0210.S274.L002,Tech_rep_3_0604_86.7_50,0604_86.7_50,230,Tech_rep_3_0604_86.7_50,0604_86.7_50,,2006_4_86.7_50,CO238,CO1_2006_4_86.7_50_1_3,2006_4_86.7_50,2006,1,3,Sample,NA,4/9/06,33.318333,-119.65,33.318333 N 119.65 W,125
CO1_ETOHJAR.0211.S275.L002,Tech_rep_3_0604_93.3_30,0604_93.3_30,231,Tech_rep_3_0604_93.3_30,0604_93.3_30,,2006_4_93.3_30,CO239,CO1_2006_4_93.3_30_1_3,2006_4_93.3_30,2006,1,3,Sample,NA,4/2/06,32.846666,-117.533333,32.846666 N 117.533333 W,125
CO1_ETOHJAR.0212.S276.L002,Tech_rep_3_0604_93.3_60,0604_93.3_60,232,Tech_rep_3_0604_93.3_60,0604_93.3_60,,2006_4_93.3_60,CO240,CO1_2006_4_93.3_60_1_3,2006_4_93.3_60,2006,1,3,Sample,NA,4/3/06,31.846666,-119.576666,31.846666 N 119.576666 W,125
CO1_ETOHJAR.0213.S277.L002,Tech_rep_3_0704_80_60,0704_80_60,233,Tech_rep_3_0704_80_60,0704_80_60,,2007_4_80_60,CO241,CO1_2007_4_80_60_1_3,2007_4_80_60,2007,1,3,Sample,NA,4/14/07,34.148333,-121.15,34.148333 N 121.15 W,120
CO1_ETOHJAR.0214.S278.L002,Tech_rep_3_0704_80_60_J2,0704_80_60_J2,234,Tech_rep_3_0704_80_60_J2,0704_80_60_J2,,2007_4_80_60_J2,CO242,CO1_2007_4_80_60_2_3,2007_4_80_60,2007,2,3,Sample,NA,4/14/07,34.148333,-121.15,34.148333 N 121.15 W,120
CO1_ETOHJAR.0215.S279.L002,Tech_rep_3_0704_86.7_50,0704_86.7_50,235,Tech_rep_3_0704_86.7_50,0704_86.7_50,,2007_4_86.7_50,CO243,CO1_2007_4_86.7_50_1_3,2007_4_86.7_50,2007,1,3,Sample,NA,4/8/07,33.323333,-119.66,33.323333 N 119.66 W,125
CO1_ETOHJAR.0216.S280.L002,Tech_rep_3_0704_93.3_30,0704_93.3_30,236,Tech_rep_3_0704_93.3_30,0704_93.3_30,,2007_3_93.3_30,CO244,CO1_2007_3_93.3_30_1_3,2007_3_93.3_30,2007,1,3,Sample,NA,3/28/07,32.845,-117.526666,32.845 N 117.526666 W,125
CO1_ETOHJAR.0217.S281.L002,Tech_rep_3_0704_93.3_60,0704_93.3_60,237,Tech_rep_3_0704_93.3_60,0704_93.3_60,,2007_3_93.3_60,CO245,CO1_2007_3_93.3_60_1_3,2007_3_93.3_60,2007,1,3,Sample,NA,3/29/07,31.846666,-119.566666,31.846666 N 119.566666 W,125
CO1_ETOHJAR.0218.S282.L002,Tech_rep_3_0804_86.7_50,0804_86.7_50,238,Tech_rep_3_0804_86.7_50,0804_86.7_50,,2008_4_86.7_50,CO246,CO1_2008_4_86.7_50_1_3,2008_4_86.7_50,2008,1,3,Sample,NA,4/1/08,33.321666,-119.661666,33.321666 N 119.661666 W,125
CO1_ETOHJAR.0219.S283.L002,Tech_rep_3_Alligator,Alligator,239,Tech_rep_3_Alligator,Alligator,,Alligator,CO247,CO1_Alligator_1_3,Alligator,NA,1,3,Sample,NA,NA,NA,NA,NA,NA
CO1_ETOHJAR.0220.S284.L002,Tech_rep_3_PCR_neg,PCR_neg,240,Tech_rep_3_PCR_neg,PCR_neg,,PCR_negative,CO248,CO1_PCR_negative_1_3,PCR_negative,NA,1,3,Control,Neg,NA,NA,NA,NA,NA
CO1_ETOHJAR.0221.S285.L002,Tech_rep_3_0804_93.3_30,0804_93.3_30,241,Tech_rep_3_0804_93.3_30,0804_93.3_30,,2008_3_93.3_30,CO249,CO1_2008_3_93.3_30_1_3,2008_3_93.3_30,2008,1,3,Sample,NA,3/25/08,32.845,-117.53,32.845 N 117.53 W,125
CO1_ETOHJAR.0222.S286.L002,Tech_rep_3_0804_93.3_60,0804_93.3_60,242,Tech_rep_3_0804_93.3_60,0804_93.3_60,,2008_3_93.3_60,CO250,CO1_2008_3_93.3_60_1_3,2008_3_93.3_60,2008,1,3,Sample,NA,3/26/08,31.845,-119.57,31.845 N 119.57 W,125
CO1_ETOHJAR.0223.S287.L002,Tech_rep_3_0903_80_60,0903_80_60,243,Tech_rep_3_0903_80_60,0903_80_60,,2009_3_80_60,CO251,CO1_2009_3_80_60_1_3,2009_3_80_60,2009,1,3,Sample,NA,3/20/09,34.15,-121.146666,34.15 N 121.146666 W,125
CO1_ETOHJAR.0224.S288.L002,Tech_rep_3_0903_86.7_50_J1,0903_86.7_50_J1,244,Tech_rep_3_0903_86.7_50_J1,0903_86.7_50_J1,,2009_3_86.7_50_J1,CO252,CO1_2009_3_86.7_50_1_3,2009_3_86.7_50,2009,1,3,Sample,NA,3/15/09,33.323333,-119.663333,33.323333 N 119.663333 W,34
CO1_ETOHJAR.0225.S289.L002,Tech_rep_3_0903_86.7_50_J2,0903_86.7_50_J2,245,Tech_rep_3_0903_86.7_50_J2,0903_86.7_50_J2,,2009_3_86.7_50_J2,CO253,CO1_2009_3_86.7_50_2_3,2009_3_86.7_50,2009,2,3,Sample,NA,3/15/09,33.323333,-119.663333,33.323333 N 119.663333 W,34
CO1_ETOHJAR.0226.S290.L002,Tech_rep_3_0903_86.7_50_J3,0903_86.7_50_J3,246,Tech_rep_3_0903_86.7_50_J3,0903_86.7_50_J3,,2009_3_86.7_50_J3,CO254,CO1_2009_3_86.7_50_3_3,2009_3_86.7_50,2009,3,3,Sample,NA,3/15/09,33.323333,-119.663333,33.323333 N 119.663333 W,34
CO1_ALLIGATOR.1.S291.L002,Tech_rep_3_0903_93.3_30,0903_93.3_30,247,Tech_rep_3_0903_93.3_30,0903_93.3_30,,2009_3_93.3_30,CO255,CO1_2009_3_93.3_30_1_3,2009_3_93.3_30,2009,1,3,Sample,NA,3/8/09,32.846666,-117.535,32.846666 N 117.535 W,125
CO1_PCR.NEG.2.S292.L002,Tech_rep_3_0903_93.3_60,0903_93.3_60,248,Tech_rep_3_0903_93.3_60,0903_93.3_60,,2009_3_93.3_60,CO256,CO1_2009_3_93.3_60_1_3,2009_3_93.3_60,2009,1,3,Sample,NA,3/9/09,31.85,-119.57,31.85 N 119.57 W,125
CO1_ETHOHJAR.227.S293.L002,Tech_rep_3_1004_80_60,1004_80_60,249,Tech_rep_3_1004_80_60,1004_80_60,,2010_5_80_60,CO257,CO1_2010_5_80_60_1_3,2010_5_80_60,2010,1,3,Sample,NA,5/17/10,34.146667,-121.143333,34.146667 N 121.143333 W,125
CO1_ETHOHJAR.228.S294.L002,Tech_rep_3_1004_93.3_30,1004_93.3_30,250,Tech_rep_3_1004_93.3_30,1004_93.3_30,,2010_4_93.3_30,CO258,CO1_2010_4_93.3_30_1_3,2010_4_93.3_30,2010,1,3,Sample,NA,4/27/10,32.848333,-117.531667,32.848333 N 117.531667 W,125
CO1_ETHOHJAR.229.S295.L002,Tech_rep_3_1004_93.3_60,1004_93.3_60,251,Tech_rep_3_1004_93.3_60,1004_93.3_60,,2010_4_93.3_60,CO259,CO1_2010_4_93.3_60_1_3,2010_4_93.3_60,2010,1,3,Sample,NA,4/28/10,31.848333,-119.57,31.848333 N 119.57 W,125
missing,Tech_rep_3_1104_80_60,1104_80_60,252,Tech_rep_3_1104_80_60,1104_80_60,,2011_4_80_60,CO260,CO1_2011_4_80_60_1_3,2011_4_80_60,2011,1,3,Sample,NA,4/23/11,34.15,-121.155,34.15 N 121.155 W,50
CO1_ETHOHJAR.231.S297.L002,Tech_rep_3_1104_86.7_50,1104_86.7_50,253,Tech_rep_3_1104_86.7_50,1104_86.7_50,,2011_4_86.7_50,CO261,CO1_2011_4_86.7_50_1_3,2011_4_86.7_50,2011,1,3,Sample,NA,4/18/11,33.325,-119.668333,33.325 N 119.668333 W,125
CO1_ETHOHJAR.232.S298.L002,Tech_rep_3_1104_93.3_30,1104_93.3_30,254,Tech_rep_3_1104_93.3_30,1104_93.3_30,,2011_4_93.3_30,CO262,CO1_2011_4_93.3_30_1_3,2011_4_93.3_30,2011,1,3,Sample,NA,4/10/11,32.848333,-117.528333,32.848333 N 117.528333 W,125
CO1_ETHOHJAR.233.S299.L002,Tech_rep_3_1104_93.3_60,1104_93.3_60,255,Tech_rep_3_1104_93.3_60,1104_93.3_60,,2011_4_93.3_60,CO263,CO1_2011_4_93.3_60_1_3,2011_4_93.3_60,2011,1,3,Sample,NA,4/11/11,31.851667,-119.578333,31.851667 N 119.578333 W,125
CO1_ETHOHJAR.234.S300.L002,Tech_rep_3_1203_80_60,1203_80_60,256,Tech_rep_3_1203_80_60,1203_80_60,,2012_4_80_60,CO264,CO1_2012_4_80_60_1_3,2012_4_80_60,2012,1,3,Sample,NA,4/6/12,34.151667,-121.148333,34.151667 N 121.148333 W,125
CO1_ETHOHJAR.235.S301.L002,Tech_rep_3_1203_86.7_50,1203_86.7_50,257,Tech_rep_3_1203_86.7_50,1203_86.7_50,,2012_3_86.7_50,CO265,CO1_2012_3_86.7_50_1_3,2012_3_86.7_50,2012,1,3,Sample,NA,3/31/12,33.321667,-119.665,33.321667 N 119.665 W,125
missing,Tech_rep_3_1203_93.3_30,1203_93.3_30,258,Tech_rep_3_1203_93.3_30,1203_93.3_30,,2012_3_93.3_30,CO266,CO1_2012_3_93.3_30_1_3,2012_3_93.3_30,2012,1,3,Sample,NA,3/25/12,32.843333,-117.533333,32.843333 N 117.533333 W,125
CO1_ETHOHJAR.237.S303.L002,Tech_rep_3_1203_93.3_60,1203_93.3_60,259,Tech_rep_3_1203_93.3_60,1203_93.3_60,,2012_3_93.3_60,CO267,CO1_2012_3_93.3_60_1_3,2012_3_93.3_60,2012,1,3,Sample,NA,3/26/12,31.845,-119.573333,31.845 N 119.573333 W,125
CO1_ETHOHJAR.238.S304.L002,Tech_rep_3_1304_80_60,1304_80_60,260,Tech_rep_3_1304_80_60,1304_80_60,,2013_4_80_60,CO268,CO1_2013_4_80_60_1_3,2013_4_80_60,2013,1,3,Sample,NA,4/20/13,34.15232,-121.16733,34.15232 N 121.16733 W,125
CO1_ETHOHJAR.239.S305.L002,Tech_rep_3_1304_86.7_50,1304_86.7_50,261,Tech_rep_3_1304_86.7_50,1304_86.7_50,,2013_4_86.7_50,CO269,CO1_2013_4_86.7_50_1_3,2013_4_86.7_50,2013,1,3,Sample,NA,4/15/13,33.3245,-119.66017,33.3245 N 119.66017 W,125
CO1_ETHOHJAR.240.S306.L002,Tech_rep_3_1304_93.3_30,1304_93.3_30,262,Tech_rep_3_1304_93.3_30,1304_93.3_30,,2013_4_93.3_30,CO270,CO1_2013_4_93.3_30_1_3,2013_4_93.3_30,2013,1,3,Sample,NA,4/7/13,32.8385,-117.533,32.8385 N 117.533 W,125
CO1_ETHOHJAR.241.S307.L002,Tech_rep_3_1304_93.3_60,1304_93.3_60,263,Tech_rep_3_1304_93.3_60,1304_93.3_60,,2013_4_93.3_60,CO271,CO1_2013_4_93.3_60_1_3,2013_4_93.3_60,2013,1,3,Sample,NA,4/11/13,31.8475,-119.5805,31.8475 N 119.5805 W,125
CO1_ETHOHJAR.242.S308.L002,Tech_rep_3_1404_80_60_J1,1404_80_60_J1,264,Tech_rep_3_1404_80_60_J1,1404_80_60_J1,,2014_4_80_60_J1,CO272,CO1_2014_4_80_60_1_3,2014_4_80_60,2014,1,3,Sample,NA,4/13/14,34.16203,-121.15758,34.16203 N 121.15758 W,125
CO1_ETHOHJAR.243.S309.L002,Tech_rep_3_1404_80_60_J2,1404_80_60_J2,265,Tech_rep_3_1404_80_60_J2,1404_80_60_J2,,2014_4_80_60_J2,CO273,CO1_2014_4_80_60_2_3,2014_4_80_60,2014,2,3,Sample,NA,4/13/14,34.16203,-121.15758,34.16203 N 121.15758 W,125
CO1_ETHOHJAR.244.S310.L002,Tech_rep_3_1404_93.3_30,1404_93.3_30,266,Tech_rep_3_1404_93.3_30,1404_93.3_30,,2014_4_93.3_30,CO274,CO1_2014_4_93.3_30_1_3,2014_4_93.3_30,2014,1,3,Sample,NA,4/2/14,32.84772,-117.53193,32.84772 N 117.53193 W,125
CO1_ETHOHJAR.245.S311.L002,Tech_rep_3_1404_93.3_60,1404_93.3_60,267,Tech_rep_3_1404_93.3_60,1404_93.3_60,,2014_4_93.3_60,CO275,CO1_2014_4_93.3_60_1_3,2014_4_93.3_60,2014,1,3,Sample,NA,4/3/14,31.84738,-119.56267,31.84738 N 119.56267 W,125
CO1_ETHOHJAR.246.S312.L002,Tech_rep_3_1504_80_60,1504_80_60,268,Tech_rep_3_1504_80_60,1504_80_60,,2015_4_80_60,CO276,CO1_2015_4_80_60_1_3,2015_4_80_60,2015,1,3,Sample,NA,4/16/15,34.15052,-121.14713,34.15052 N 121.14713 W,100
CO1_ETHOHJAR.247.S313.L002,Tech_rep_3_1504_86.7_50,1504_86.7_50,269,Tech_rep_3_1504_86.7_50,1504_86.7_50,,2015_4_86.7_50,CO277,CO1_2015_4_86.7_50_1_3,2015_4_86.7_50,2015,1,3,Sample,NA,4/11/15,33.32897,-119.6576,33.32897 N 119.6576 W,125
CO1_ETHOHJAR.248.S314.L002,Tech_rep_3_1504_93.3_30,1504_93.3_30,270,Tech_rep_3_1504_93.3_30,1504_93.3_30,,2015_4_93.3_30,CO278,CO1_2015_4_93.3_30_1_3,2015_4_93.3_30,2015,1,3,Sample,NA,4/5/15,32.84228,-117.53622,32.84228 N 117.53622 W,125
CO1_ETHOHJAR.249.S315.L002,Tech_rep_3_1504_93.3_60,1504_93.3_60,271,Tech_rep_3_1504_93.3_60,1504_93.3_60,,2015_4_93.3_60,CO279,CO1_2015_4_93.3_60_1_3,2015_4_93.3_60,2015,1,3,Sample,NA,4/6/15,31.84518,-119.56667,31.84518 N 119.56667 W,125
CO1_ETHOHJAR.250.S316.L002,Tech_rep_3_1604_86.7_50_J1,1604_86.7_50_J1,272,Tech_rep_3_1604_86.7_50_J1,1604_86.7_50_J1,,2016_4_86.7_50_J1,CO280,CO1_2016_4_86.7_50_1_3,2016_4_86.7_50,2016,1,3,Sample,NA,4/9/16,33.31567,-119.65623,33.31567 N 119.65623 W,125
CO1_ETHOHJAR.251.S317.L002,Tech_rep_3_1604_86.7_50_J2,1604_86.7_50_J2,273,Tech_rep_3_1604_86.7_50_J2,1604_86.7_50_J2,,2016_4_86.7_50_J2,CO281,CO1_2016_4_86.7_50_2_3,2016_4_86.7_50,2016,2,3,Sample,NA,4/9/16,33.31567,-119.65623,33.31567 N 119.65623 W,125
CO1_ETHOHJAR.252.S318.L002,Tech_rep_3_1604_93.3_30,1604_93.3_30,274,Tech_rep_3_1604_93.3_30,1604_93.3_30,,2016_4_93.3_30,CO282,CO1_2016_4_93.3_30_1_3,2016_4_93.3_30,2016,1,3,Sample,NA,4/2/16,32.84232,-117.53212,32.84232 N 117.53212 W,125
CO1_ETHOHJAR.253.S319.L002,Tech_rep_3_1604_93.3_60,1604_93.3_60,275,Tech_rep_3_1604_93.3_60,1604_93.3_60,,2016_4_93.3_60,CO283,CO1_2016_4_93.3_60_1_3,2016_4_93.3_60,2016,1,3,Sample,NA,4/3/16,31.84073,-119.57013,31.84073 N 119.57013 W,125
CO1_ETHOHJAR.254.S320.L002,Tech_rep_3_1704_80_60,1704_80_60,276,Tech_rep_3_1704_80_60,1704_80_60,,2017_4_80_60,CO284,CO1_2017_4_80_60_1_3,2017_4_80_60,2017,1,3,Sample,NA,4/11/17,34.14817,-121.15233,34.14817 N 121.15233 W,125
CO1_ETHOHJAR.255.S321.L002,Tech_rep_3_1704_86.7_50,1704_86.7_50,277,Tech_rep_3_1704_86.7_50,1704_86.7_50,,2017_4_86.7_50,CO285,CO1_2017_4_86.7_50_1_3,2017_4_86.7_50,2017,1,3,Sample,NA,4/6/17,33.32372,-119.66018,33.32372 N 119.66018 W,125
CO1_ETHOHJAR.256.S322.L002,Tech_rep_3_1704_93.3_60,1704_93.3_60,278,Tech_rep_3_1704_93.3_60,1704_93.3_60,,2017_3_93.3_60,CO286,CO1_2017_3_93.3_60_1_3,2017_3_93.3_60,2017,1,3,Sample,NA,3/30/17,31.84467,-119.57317,31.84467 N 119.57317 W,125
CO1_ETHOHJAR.257.S323.L002,Tech_rep_3_1804_80_60,1804_80_60,279,Tech_rep_3_1804_80_60,1804_80_60,,2018_4_80_60,CO287,CO1_2018_4_80_60_1_3,2018_4_80_60,2018,1,3,Sample,NA,4/18/18,34.14462,-121.1617,34.14462 N 121.1617 W,125
CO1_ETHOHJAR.258.S324.L002,Tech_rep_3_1804_86.7_50,1804_86.7_50,280,Tech_rep_3_1804_86.7_50,1804_86.7_50,,2018_4_86.7_50,CO288,CO1_2018_4_86.7_50_1_3,2018_4_86.7_50,2018,1,3,Sample,NA,4/12/18,33.31112,-119.6585,33.31112 N 119.6585 W,125
CO1_ETOHJAR.283.S353.L002,Tech_rep_3_1804_86.7_50_CN,1804_86.7_50_CN,281,Tech_rep_3_1804_86.7_50_CN,1804_86.7_50_CN,,2018_4_86.7_50_CN,CO289,CO1_2018_4_86.7_50_2_3,2018_4_86.7_50,2018,2,3,Sample,NA,4/12/18,33.31112,-119.6585,33.31112 N 119.6585 W,125
CO1_ETOHJAR.284.S354.L002,Tech_rep_3_1804_93.3_30,1804_93.3_30,282,Tech_rep_3_1804_93.3_30,1804_93.3_30,,2018_4_93.3_30,CO290,CO1_2018_4_93.3_30_1_3,2018_4_93.3_30,2018,1,3,Sample,NA,4/6/18,32.84637,-117.5232,32.84637 N 117.5232 W,125
CO1_ETOHJAR.285.S355.L002,Tech_rep_3_1804_93.3_60,1804_93.3_60,283,Tech_rep_3_1804_93.3_60,1804_93.3_60,,2018_4_93.3_60,CO291,CO1_2018_4_93.3_60_1_3,2018_4_93.3_60,2018,1,3,Sample,NA,4/7/18,31.84667,-119.5725,31.84667 N 119.5725 W,125
CO1_ETOHJAR.286.S356.L002,Tech_rep_3_1904_80_60_J1,1904_80_60_J1,284,Tech_rep_3_1904_80_60_J1,1904_80_60_J1,,2019_4_80_60_J1,CO292,CO1_2019_4_80_60_1_3,2019_4_80_60,2019,1,3,Sample,NA,4/15/19,34.14882,-121.15433,34.14882 N 121.15433 W,125
CO1_ETOHJAR.287.S357.L002,Tech_rep_3_1904_80_60_J2,1904_80_60_J2,285,Tech_rep_3_1904_80_60_J2,1904_80_60_J2,,2019_4_80_60_J2,CO293,CO1_2019_4_80_60_2_3,2019_4_80_60,2019,2,3,Sample,NA,4/15/19,34.14882,-121.15433,34.14882 N 121.15433 W,125
CO1_ETOHJAR.288.S358.L002,Tech_rep_3_1904_86.7_50,1904_86.7_50,286,Tech_rep_3_1904_86.7_50,1904_86.7_50,,2019_4_86.7_50,CO294,CO1_2019_4_86.7_50_1_3,2019_4_86.7_50,2019,1,3,Sample,NA,4/8/19,33.32117,-119.66517,33.32117 N 119.66517 W,125
CO1_ETOHJAR.289.S359.L002,Tech_rep_3_1904_93.3_30,1904_93.3_30,287,Tech_rep_3_1904_93.3_30,1904_93.3_30,,2019_4_93.3_30,CO295,CO1_2019_4_93.3_30_1_3,2019_4_93.3_30,2019,1,3,Sample,NA,4/3/19,32.845,-117.52782,32.845 N 117.52782 W,125
CO1_ETOHJAR.290.S360.L002,Tech_rep_3_1904_93.3_60,1904_93.3_60,288,Tech_rep_3_1904_93.3_60,1904_93.3_60,,2019_4_93.3_60,CO296,CO1_2019_4_93.3_60_1_3,2019_4_93.3_60,2019,1,3,Sample,NA,4/4/19,31.84682,-119.57432,31.84682 N 119.57432 W,125
missing,Tech_rep_1_Blank_1__,Blank_1__,289,Tech_rep_1_Blank_1__,Blank_1__,,Blank_1__,CO97,CO1_Blank_1__1_1,Blank_1_,NA,1,1,Sample,NA,NA,NA,NA,NA,NA
missing,Tech_rep_1_Blank_2__,Blank_2__,290,Tech_rep_1_Blank_2__,Blank_2__,,Blank_2__,CO98,CO1_Exp_2__1_1,Exp_2_,NA,1,1,Control,Neg,NA,NA,NA,NA,NA
missing,Tech_rep_1_Camel,Camel,291,Tech_rep_1_Camel,Camel,,Camel,CO99,CO1_Camel_1_1,Camel,NA,1,1,Control,Pos,NA,NA,NA,NA,NA
CO1_ETHOHJAR.262.S328.L002,Tech_rep_1_PCR_Negative,PCR_Negative,292,Tech_rep_1_PCR_Negative,PCR_Negative,,PCR_Negative,CO100,CO1_PCR_Negative_1_1,PCR_Negative,NA,1,1,Control,Neg,NA,NA,NA,NA,NA
CO1_ETHOHJAR.263.S329.L002,Tech_rep_2_Blank_1__,Blank_1__,293,Tech_rep_2_Blank_1__,Blank_1__,,Blank_1__,CO197,CO1_Blank_1__1_2,Blank_1_,NA,1,2,Control,Neg,NA,NA,NA,NA,NA
CO1_ETHOHJAR.264.S330.L002,Tech_rep_2_Blank_2__,Blank_2__,294,Tech_rep_2_Blank_2__,Blank_2__,,Blank_2__,CO198,CO1_Exp_2__1_2,Exp_2_,NA,1,2,Control,Neg,NA,NA,NA,NA,NA
CO1_ETHOHJAR.265.S331.L002,Tech_rep_2_Camel,Camel,295,Tech_rep_2_Camel,Camel,,Camel,CO199,CO1_Camel_1_2,Camel,NA,1,2,Control,Pos,NA,NA,NA,NA,NA
CO1_ETHOHJAR.266.S332.L002,Tech_rep_2_PCR_Negative,PCR_Negative,296,Tech_rep_2_PCR_Negative,PCR_Negative,,PCR_Negative,CO200,CO1_PCR_Negative_1_2,PCR_Negative,NA,1,2,Control,Neg,NA,NA,NA,NA,NA
CO1_BLANK.3.S333.L002,Tech_rep_3_Blank_1__,Blank_1__,297,Tech_rep_3_Blank_1__,Blank_1__,,Blank_1__,CO297,CO1_Blank_1__1_3,Blank_1_,NA,1,3,Control,Neg,NA,NA,NA,NA,NA
CO1_BLANK.4.S334.L002,Tech_rep_3_Blank_2__,Blank_2__,298,Tech_rep_3_Blank_2__,Blank_2__,,Blank_2__,CO298,CO1_Exp_2__1_3,Exp_2_,NA,1,3,Control,Neg,NA,NA,NA,NA,NA
CO1_CAMEL.2.S335.L002,Tech_rep_3_Camel,Camel,299,Tech_rep_3_Camel,Camel,,Camel,CO299,CO1_Camel_1_3,Camel,NA,1,3,Control,Pos,NA,NA,NA,NA,NA
CO1_PCR.NEG.3.S336.L002,Tech_rep_3_PCR_Negative,PCR_Negative,300,Tech_rep_3_PCR_Negative,PCR_Negative,,PCR_Negative,CO300,CO1_PCR_Negative_1_3,PCR_Negative,NA,1,3,Control,Neg,NA,NA,NA,NA,NA
,,,,,,,,,,,,,,,,,,,,
,,,,,,,,,,,,,,,,,,,,
,,,,,,,,,,,,,,,,,,,,
,,,,,,,,,,,,,,,,,,,,
,,,,,,,,,,,,,,,,,,,,
,,,,,,,,,,,,,,,,,,,,
,,,,,,,,,,,,,,,,,,,,
,,,,,,,,,,,,,,,,,,,,
,,,,,,,,,,,,,,,,,,,,
,,,,,,,,,,,,,,,,,,,,
,,,,,,,,,,,,,,,,,,,,
,,,,,,,,,,,,,,,,,,,,
,,,,,,,,,,,,,,,,,,,,
,,,,,,,,,,,,,,,,,,,,
,,,,,,,,,,,,,,,,,,,,
,,,,,,,,,,,,,,,,,,,,
,,,,,,,,,,,,,,,,,,,,
,,,,,,,,,,,,,,,,,,,,
,,,,,,,,,,,,,,,,,,,,
,,,,,,,,,,,,,,,,,,,,
,,,,,,,,,,,,,,,,,,,,
,,,,,,,,,,,,,,,,,,,,
,,,,,,,,,,,,,,,,,,,,
,,,,,,,,,,,,,,,,,,,,
,,,,,,,,,,,,,,,,,,,,
,,,,,,,,,,,,,,,,,,,,
,,,,,,,,,,,,,,,,,,,,
,,,,,,,,,,,,,,,,,,,,
,,,,,,,,,,,,,,,,,,,,
,,,,,,,,,,,,,,,,,,,,
,,,,,,,,,,,,,,,,,,,,
,,,,,,,,,,,,,,,,,,,,
,,,,,,,,,,,,,,,,,,,,
,,,,,,,,,,,,,,,,,,,,
,,,,,,,,,,,,,,,,,,,,
,,,,,,,,,,,,,,,,,,,,
,,,,,,,,,,,,,,,,,,,,
,,,,,,,,,,,,,,,,,,,,
,,,,,,,,,,,,,,,,,,,,
,,,,,,,,,,,,,,,,,,,,
,,,,,,,,,,,,,,,,,,,,
,,,,,,,,,,,,,,,,,,,,
,,,,,,,,,,,,,,,,,,,,
,,,,,,,,,,,,,,,,,,,,
,,,,,,,,,,,,,,,,,,,,
,,,,,,,,,,,,,,,,,,,,
,,,,,,,,,,,,,,,,,,,,
,,,,,,,,,,,,,,,,,,,,
,,,,,,,,,,,,,,,,,,,,
,,,,,,,,,,,,,,,,,,,,
,,,,,,,,,,,,,,,,,,,,
,,,,,,,,,,,,,,,,,,,,
,,,,,,,,,,,,,,,,,,,,
,,,,,,,,,,,,,,,,,,,,
,,,,,,,,,,,,,,,,,,,,
,,,,,,,,,,,,,,,,,,,,
,,,,,,,,,,,,,,,,,,,,
,,,,,,,,,,,,,,,,,,,,
,,,,,,,,,,,,,,,,,,,,
,,,,,,,,,,,,,,,,,,,,
,,,,,,,,,,,,,,,,,,,,
,,,,,,,,,,,,,,,,,,,,
,,,,,,,,,,,,,,,,,,,,
,,,,,,,,,,,,,,,,,,,,
,,,,,,,,,,,,,,,,,,,,
,,,,,,,,,,,,,,,,,,,,
,,,,,,,,,,,,,,,,,,,,
,,,,,,,,,,,,,,,,,,,,
,,,,,,,,,,,,,,,,,,,,
,,,,,,,,,,,,,,,,,,,,
,,,,,,,,,,,,,,,,,,,,
,,,,,,,,,,,,,,,,,,,,
,,,,,,,,,,,,,,,,,,,,
,,,,,,,,,,,,,,,,,,,,
,,,,,,,,,,,,,,,,,,,,
,,,,,,,,,,,,,,,,,,,,
,,,,,,,,,,,,,,,,,,,,
,,,,,,,,,,,,,,,,,,,,
,,,,,,,,,,,,,,,,,,,,
,,,,,,,,,,,,,,,,,,,,
,,,,,,,,,,,,,,,,,,,,
,,,,,,,,,,,,,,,,,,,,
,,,,,,,,,,,,,,,,,,,,
,,,,,,,,,,,,,,,,,,,,
,,,,,,,,,,,,,,,,,,,,
,,,,,,,,,,,,,,,,,,,,
,,,,,,,,,,,,,,,,,,,,
,,,,,,,,,,,,,,,,,,,,
,,,,,,,,,,,,,,,,,,,,
,,,,,,,,,,,,,,,,,,,,
,,,,,,,,,,,,,,,,,,,,
,,,,,,,,,,,,,,,,,,,,
,,,,,,,,,,,,,,,,,,,,
,,,,,,,,,,,,,,,,,,,,
,,,,,,,,,,,,,,,,,,,,
,,,,,,,,,,,,,,,,,,,,
,,,,,,,,,,,,,,,,,,,,
,,,,,,,,,,,,,,,,,,,,
,,,,,,,,,,,,,,,,,,,,
,,,,,,,,,,,,,,,,,,,,
,,,,,,,,,,,,,,,,,,,,
,,,,,,,,,,,,,,,,,,,,
,,,,,,,,,,,,,,,,,,,,
,,,,,,,,,,,,,,,,,,,,
,,,,,,,,,,,,,,,,,,,,
,,,,,,,,,,,,,,,,,,,,
,,,,,,,,,,,,,,,,,,,,
,,,,,,,,,,,,,,,,,,,,
,,,,,,,,,,,,,,,,,,,,
,,,,,,,,,,,,,,,,,,,,
,,,,,,,,,,,,,,,,,,,,
,,,,,,,,,,,,,,,,,,,,
,,,,,,,,,,,,,,,,,,,,
,,,,,,,,,,,,,,,,,,,,
,,,,,,,,,,,,,,,,,,,,
,,,,,,,,,,,,,,,,,,,,
,,,,,,,,,,,,,,,,,,,,
,,,,,,,,,,,,,,,,,,,,
,,,,,,,,,,,,,,,,,,,,
,,,,,,,,,,,,,,,,,,,,
,,,,,,,,,,,,,,,,,,,,
,,,,,,,,,,,,,,,,,,,,
,,,,,,,,,,,,,,,,,,,,
,,,,,,,,,,,,,,,,,,,,
,,,,,,,,,,,,,,,,,,,,
,,,,,,,,,,,,,,,,,,,,
,,,,,,,,,,,,,,,,,,,,
,,,,,,,,,,,,,,,,,,,,
,,,,,,,,,,,,,,,,,,,,
,,,,,,,,,,,,,,,,,,,,
,,,,,,,,,,,,,,,,,,,,
,,,,,,,,,,,,,,,,,,,,
,,,,,,,,,,,,,,,,,,,,
,,,,,,,,,,,,,,,,,,,,
,,,,,,,,,,,,,,,,,,,,
,,,,,,,,,,,,,,,,,,,,
,,,,,,,,,,,,,,,,,,,,
,,,,,,,,,,,,,,,,,,,,
,,,,,,,,,,,,,,,,,,,,
,,,,,,,,,,,,,,,,,,,,
,,,,,,,,,,,,,,,,,,,,
,,,,,,,,,,,,,,,,,,,,
,,,,,,,,,,,,,,,,,,,,
,,,,,,,,,,,,,,,,,,,,
,,,,,,,,,,,,,,,,,,,,
,,,,,,,,,,,,,,,,,,,,
,,,,,,,,,,,,,,,,,,,,
,,,,,,,,,,,,,,,,,,,,
,,,,,,,,,,,,,,,,,,,,
,,,,,,,,,,,,,,,,,,,,
,,,,,,,,,,,,,,,,,,,,
,,,,,,,,,,,,,,,,,,,,
,,,,,,,,,,,,,,,,,,,,
,,,,,,,,,,,,,,,,,,,,
,,,,,,,,,,,,,,,,,,,,
,,,,,,,,,,,,,,,,,,,,
,,,,,,,,,,,,,,,,,,,,
,,,,,,,,,,,,,,,,,,,,
,,,,,,,,,,,,,,,,,,,,
,,,,,,,,,,,,,,,,,,,,
,,,,,,,,,,,,,,,,,,,,
,,,,,,,,,,,,,,,,,,,,
,,,,,,,,,,,,,,,,,,,,
,,,,,,,,,,,,,,,,,,,,
,,,,,,,,,,,,,,,,,,,,
,,,,,,,,,,,,,,,,,,,,
,,,,,,,,,,,,,,,,,,,,
,,,,,,,,,,,,,,,,,,,,
,,,,,,,,,,,,,,,,,,,,
,,,,,,,,,,,,,,,,,,,,
,,,,,,,,,,,,,,,,,,,,
,,,,,,,,,,,,,,,,,,,,
,,,,,,,,,,,,,,,,,,,,
,,,,,,,,,,,,,,,,,,,,
,,,,,,,,,,,,,,,,,,,,
,,,,,,,,,,,,,,,,,,,,
,,,,,,,,,,,,,,,,,,,,
,,,,,,,,,,,,,,,,,,,,
,,,,,,,,,,,,,,,,,,,,
,,,,,,,,,,,,,,,,,,,,
,,,,,,,,,,,,,,,,,,,,
,,,,,,,,,,,,,,,,,,,,
,,,,,,,,,,,,,,,,,,,,
,,,,,,,,,,,,,,,,,,,,
,,,,,,,,,,,,,,,,,,,,
,,,,,,,,,,,,,,,,,,,,
,,,,,,,,,,,,,,,,,,,,
,,,,,,,,,,,,,,,,,,,,
,,,,,,,,,,,,,,,,,,,,
,,,,,,,,,,,,,,,,,,,,
,,,,,,,,,,,,,,,,,,,,
,,,,,,,,,,,,,,,,,,,,
,,,,,,,,,,,,,,,,,,,,
,,,,,,,,,,,,,,,,,,,,
,,,,,,,,,,,,,,,,,,,,
,,,,,,,,,,,,,,,,,,,,
,,,,,,,,,,,,,,,,,,,,
,,,,,,,,,,,,,,,,,,,,
,,,,,,,,,,,,,,,,,,,,
,,,,,,,,,,,,,,,,,,,,
,,,,,,,,,,,,,,,,,,,,
,,,,,,,,,,,,,,,,,,,,
,,,,,,,,,,,,,,,,,,,,
,,,,,,,,,,,,,,,,,,,,
,,,,,,,,,,,,,,,,,,,,
,,,,,,,,,,,,,,,,,,,,
,,,,,,,,,,,,,,,,,,,,
,,,,,,,,,,,,,,,,,,,,
,,,,,,,,,,,,,,,,,,,,
,,,,,,,,,,,,,,,,,,,,
,,,,,,,,,,,,,,,,,,,,
,,,,,,,,,,,,,,,,,,,,
,,,,,,,,,,,,,,,,,,,,
,,,,,,,,,,,,,,,,,,,,
,,,,,,,,,,,,,,,,,,,,
,,,,,,,,,,,,,,,,,,,,
,,,,,,,,,,,,,,,,,,,,
,,,,,,,,,,,,,,,,,,,,
,,,,,,,,,,,,,,,,,,,,
,,,,,,,,,,,,,,,,,,,,
,,,,,,,,,,,,,,,,,,,,
,,,,,,,,,,,,,,,,,,,,
,,,,,,,,,,,,,,,,,,,,
,,,,,,,,,,,,,,,,,,,,
,,,,,,,,,,,,,,,,,,,,
,,,,,,,,,,,,,,,,,,,,
,,,,,,,,,,,,,,,,,,,,
,,,,,,,,,,,,,,,,,,,,
,,,,,,,,,,,,,,,,,,,,
,,,,,,,,,,,,,,,,,,,,
,,,,,,,,,,,,,,,,,,,,
,,,,,,,,,,,,,,,,,,,,
,,,,,,,,,,,,,,,,,,,,
,,,,,,,,,,,,,,,,,,,,
,,,,,,,,,,,,,,,,,,,,
,,,,,,,,,,,,,,,,,,,,
,,,,,,,,,,,,,,,,,,,,
,,,,,,,,,,,,,,,,,,,,
,,,,,,,,,,,,,,,,,,,,
,,,,,,,,,,,,,,,,,,,,
,,,,,,,,,,,,,,,,,,,,
,,,,,,,,,,,,,,,,,,,,
,,,,,,,,,,,,,,,,,,,,
,,,,,,,,,,,,,,,,,,,,
,,,,,,,,,,,,,,,,,,,,
,,,,,,,,,,,,,,,,,,,,
,,,,,,,,,,,,,,,,,,,,
,,,,,,,,,,,,,,,,,,,,
,,,,,,,,,,,,,,,,,,,,
,,,,,,,,,,,,,,,,,,,,
,,,,,,,,,,,,,,,,,,,,
,,,,,,,,,,,,,,,,,,,,
,,,,,,,,,,,,,,,,,,,,
,,,,,,,,,,,,,,,,,,,,
,,,,,,,,,,,,,,,,,,,,
,,,,,,,,,,,,,,,,,,,,
,,,,,,,,,,,,,,,,,,,,
,,,,,,,,,,,,,,,,,,,,
,,,,,,,,,,,,,,,,,,,,
,,,,,,,,,,,,,,,,,,,,
,,,,,,,,,,,,,,,,,,,,
,,,,,,,,,,,,,,,,,,,,
,,,,,,,,,,,,,,,,,,,,
,,,,,,,,,,,,,,,,,,,,
,,,,,,,,,,,,,,,,,,,,
,,,,,,,,,,,,,,,,,,,,
,,,,,,,,,,,,,,,,,,,,
,,,,,,,,,,,,,,,,,,,,
,,,,,,,,,,,,,,,,,,,,
,,,,,,,,,,,,,,,,,,,,
,,,,,,,,,,,,,,,,,,,,
,,,,,,,,,,,,,,,,,,,,
,,,,,,,,,,,,,,,,,,,,
,,,,,,,,,,,,,,,,,,,,
,,,,,,,,,,,,,,,,,,,,
,,,,,,,,,,,,,,,,,,,,
,,,,,,,,,,,,,,,,,,,,
,,,,,,,,,,,,,,,,,,,,
,,,,,,,,,,,,,,,,,,,,
,,,,,,,,,,,,,,,,,,,,
,,,,,,,,,,,,,,,,,,,,
,,,,,,,,,,,,,,,,,,,,
,,,,,,,,,,,,,,,,,,,,
,,,,,,,,,,,,,,,,,,,,
,,,,,,,,,,,,,,,,,,,,
,,,,,,,,,,,,,,,,,,,,
,,,,,,,,,,,,,,,,,,,,
,,,,,,,,,,,,,,,,,,,,
,,,,,,,,,,,,,,,,,,,,
,,,,,,,,,,,,,,,,,,,,
,,,,,,,,,,,,,,,,,,,,
,,,,,,,,,,,,,,,,,,,,
,,,,,,,,,,,,,,,,,,,,
,,,,,,,,,,,,,,,,,,,,
,,,,,,,,,,,,,,,,,,,,
,,,,,,,,,,,,,,,,,,,,
,,,,,,,,,,,,,,,,,,,,
,,,,,,,,,,,,,,,,,,,,
,,,,,,,,,,,,,,,,,,,,
,,,,,,,,,,,,,,,,,,,,
,,,,,,,,,,,,,,,,,,,,
,,,,,,,,,,,,,,,,,,,,
,,,,,,,,,,,,,,,,,,,,
,,,,,,,,,,,,,,,,,,,,
,,,,,,,,,,,,,,,,,,,,
,,,,,,,,,,,,,,,,,,,,
,,,,,,,,,,,,,,,,,,,,
,,,,,,,,,,,,,,,,,,,,
,,,,,,,,,,,,,,,,,,,,
,,,,,,,,,,,,,,,,,,,,
,,,,,,,,,,,,,,,,,,,,
,,,,,,,,,,,,,,,,,,,,
,,,,,,,,,,,,,,,,,,,,
,,,,,,,,,,,,,,,,,,,,
,,,,,,,,,,,,,,,,,,,,
,,,,,,,,,,,,,,,,,,,,
,,,,,,,,,,,,,,,,,,,,
,,,,,,,,,,,,,,,,,,,,
,,,,,,,,,,,,,,,,,,,,
,,,,,,,,,,,,,,,,,,,,
,,,,,,,,,,,,,,,,,,,,
,,,,,,,,,,,,,,,,,,,,
,,,,,,,,,,,,,,,,,,,,
,,,,,,,,,,,,,,,,,,,,
,,,,,,,,,,,,,,,,,,,,
,,,,,,,,,,,,,,,,,,,,
,,,,,,,,,,,,,,,,,,,,
,,,,,,,,,,,,,,,,,,,,
,,,,,,,,,,,,,,,,,,,,
,,,,,,,,,,,,,,,,,,,,
,,,,,,,,,,,,,,,,,,,,
,,,,,,,,,,,,,,,,,,,,
,,,,,,,,,,,,,,,,,,,,
,,,,,,,,,,,,,,,,,,,,
,,,,,,,,,,,,,,,,,,,,
,,,,,,,,,,,,,,,,,,,,
,,,,,,,,,,,,,,,,,,,,
,,,,,,,,,,,,,,,,,,,,
,,,,,,,,,,,,,,,,,,,,
,,,,,,,,,,,,,,,,,,,,
,,,,,,,,,,,,,,,,,,,,
,,,,,,,,,,,,,,,,,,,,
,,,,,,,,,,,,,,,,,,,,
,,,,,,,,,,,,,,,,,,,,
,,,,,,,,,,,,,,,,,,,,
,,,,,,,,,,,,,,,,,,,,
,,,,,,,,,,,,,,,,,,,,
,,,,,,,,,,,,,,,,,,,,
,,,,,,,,,,,,,,,,,,,,
,,,,,,,,,,,,,,,,,,,,
,,,,,,,,,,,,,,,,,,,,
,,,,,,,,,,,,,,,,,,,,
,,,,,,,,,,,,,,,,,,,,
,,,,,,,,,,,,,,,,,,,,
,,,,,,,,,,,,,,,,,,,,
,,,,,,,,,,,,,,,,,,,,
,,,,,,,,,,,,,,,,,,,,
,,,,,,,,,,,,,,,,,,,,
,,,,,,,,,,,,,,,,,,,,
,,,,,,,,,,,,,,,,,,,,
,,,,,,,,,,,,,,,,,,,,
,,,,,,,,,,,,,,,,,,,,
,,,,,,,,,,,,,,,,,,,,
,,,,,,,,,,,,,,,,,,,,
,,,,,,,,,,,,,,,,,,,,
,,,,,,,,,,,,,,,,,,,,
,,,,,,,,,,,,,,,,,,,,
,,,,,,,,,,,,,,,,,,,,
,,,,,,,,,,,,,,,,,,,,
,,,,,,,,,,,,,,,,,,,,
,,,,,,,,,,,,,,,,,,,,
,,,,,,,,,,,,,,,,,,,,
,,,,,,,,,,,,,,,,,,,,
,,,,,,,,,,,,,,,,,,,,
,,,,,,,,,,,,,,,,,,,,
,,,,,,,,,,,,,,,,,,,,
,,,,,,,,,,,,,,,,,,,,
,,,,,,,,,,,,,,,,,,,,
,,,,,,,,,,,,,,,,,,,,
,,,,,,,,,,,,,,,,,,,,
,,,,,,,,,,,,,,,,,,,,
,,,,,,,,,,,,,,,,,,,,
,,,,,,,,,,,,,,,,,,,,
,,,,,,,,,,,,,,,,,,,,
,,,,,,,,,,,,,,,,,,,,
,,,,,,,,,,,,,,,,,,,,
,,,,,,,,,,,,,,,,,,,,
,,,,,,,,,,,,,,,,,,,,
,,,,,,,,,,,,,,,,,,,,
,,,,,,,,,,,,,,,,,,,,
,,,,,,,,,,,,,,,,,,,,
,,,,,,,,,,,,,,,,,,,,
,,,,,,,,,,,,,,,,,,,,
,,,,,,,,,,,,,,,,,,,,
,,,,,,,,,,,,,,,,,,,,
,,,,,,,,,,,,,,,,,,,,
,,,,,,,,,,,,,,,,,,,,
,,,,,,,,,,,,,,,,,,,,
,,,,,,,,,,,,,,,,,,,,
,,,,,,,,,,,,,,,,,,,,
,,,,,,,,,,,,,,,,,,,,
,,,,,,,,,,,,,,,,,,,,
,,,,,,,,,,,,,,,,,,,,
,,,,,,,,,,,,,,,,,,,,
,,,,,,,,,,,,,,,,,,,,
,,,,,,,,,,,,,,,,,,,,
,,,,,,,,,,,,,,,,,,,,
,,,,,,,,,,,,,,,,,,,,
,,,,,,,,,,,,,,,,,,,,
,,,,,,,,,,,,,,,,,,,,
,,,,,,,,,,,,,,,,,,,,
,,,,,,,,,,,,,,,,,,,,
,,,,,,,,,,,,,,,,,,,,
,,,,,,,,,,,,,,,,,,,,
,,,,,,,,,,,,,,,,,,,,
,,,,,,,,,,,,,,,,,,,,
,,,,,,,,,,,,,,,,,,,,
,,,,,,,,,,,,,,,,,,,,
,,,,,,,,,,,,,,,,,,,,
,,,,,,,,,,,,,,,,,,,,
,,,,,,,,,,,,,,,,,,,,
,,,,,,,,,,,,,,,,,,,,
,,,,,,,,,,,,,,,,,,,,
,,,,,,,,,,,,,,,,,,,,
,,,,,,,,,,,,,,,,,,,,
,,,,,,,,,,,,,,,,,,,,
,,,,,,,,,,,,,,,,,,,,
,,,,,,,,,,,,,,,,,,,,
,,,,,,,,,,,,,,,,,,,,
,,,,,,,,,,,,,,,,,,,,
,,,,,,,,,,,,,,,,,,,,
,,,,,,,,,,,,,,,,,,,,
,,,,,,,,,,,,,,,,,,,,
,,,,,,,,,,,,,,,,,,,,
,,,,,,,,,,,,,,,,,,,,
,,,,,,,,,,,,,,,,,,,,
,,,,,,,,,,,,,,,,,,,,
,,,,,,,,,,,,,,,,,,,,
,,,,,,,,,,,,,,,,,,,,
,,,,,,,,,,,,,,,,,,,,
,,,,,,,,,,,,,,,,,,,,
,,,,,,,,,,,,,,,,,,,,
,,,,,,,,,,,,,,,,,,,,
,,,,,,,,,,,,,,,,,,,,
,,,,,,,,,,,,,,,,,,,,
,,,,,,,,,,,,,,,,,,,,
,,,,,,,,,,,,,,,,,,,,
,,,,,,,,,,,,,,,,,,,,
,,,,,,,,,,,,,,,,,,,,
,,,,,,,,,,,,,,,,,,,,
,,,,,,,,,,,,,,,,,,,,
,,,,,,,,,,,,,,,,,,,,
,,,,,,,,,,,,,,,,,,,,
,,,,,,,,,,,,,,,,,,,,
,,,,,,,,,,,,,,,,,,,,
,,,,,,,,,,,,,,,,,,,,
,,,,,,,,,,,,,,,,,,,,
,,,,,,,,,,,,,,,,,,,,
,,,,,,,,,,,,,,,,,,,,
,,,,,,,,,,,,,,,,,,,,
,,,,,,,,,,,,,,,,,,,,
,,,,,,,,,,,,,,,,,,,,
,,,,,,,,,,,,,,,,,,,,
,,,,,,,,,,,,,,,,,,,,
,,,,,,,,,,,,,,,,,,,,
,,,,,,,,,,,,,,,,,,,,
,,,,,,,,,,,,,,,,,,,,
,,,,,,,,,,,,,,,,,,,,
,,,,,,,,,,,,,,,,,,,,
,,,,,,,,,,,,,,,,,,,,
,,,,,,,,,,,,,,,,,,,,
,,,,,,,,,,,,,,,,,,,,
,,,,,,,,,,,,,,,,,,,,
,,,,,,,,,,,,,,,,,,,,
,,,,,,,,,,,,,,,,,,,,
,,,,,,,,,,,,,,,,,,,,
,,,,,,,,,,,,,,,,,,,,
,,,,,,,,,,,,,,,,,,,,
,,,,,,,,,,,,,,,,,,,,
,,,,,,,,,,,,,,,,,,,,
,,,,,,,,,,,,,,,,,,,,
,,,,,,,,,,,,,,,,,,,,
,,,,,,,,,,,,,,,,,,,,
,,,,,,,,,,,,,,,,,,,,
,,,,,,,,,,,,,,,,,,,,
,,,,,,,,,,,,,,,,,,,,
,,,,,,,,,,,,,,,,,,,,
,,,,,,,,,,,,,,,,,,,,
,,,,,,,,,,,,,,,,,,,,
,,,,,,,,,,,,,,,,,,,,
,,,,,,,,,,,,,,,,,,,,
,,,,,,,,,,,,,,,,,,,,
,,,,,,,,,,,,,,,,,,,,
,,,,,,,,,,,,,,,,,,,,
,,,,,,,,,,,,,,,,,,,,
,,,,,,,,,,,,,,,,,,,,
,,,,,,,,,,,,,,,,,,,,
,,,,,,,,,,,,,,,,,,,,
,,,,,,,,,,,,,,,,,,,,
,,,,,,,,,,,,,,,,,,,,
,,,,,,,,,,,,,,,,,,,,
,,,,,,,,,,,,,,,,,,,,
,,,,,,,,,,,,,,,,,,,,
,,,,,,,,,,,,,,,,,,,,
,,,,,,,,,,,,,,,,,,,,
,,,,,,,,,,,,,,,,,,,,
,,,,,,,,,,,,,,,,,,,,
,,,,,,,,,,,,,,,,,,,,
,,,,,,,,,,,,,,,,,,,,
,,,,,,,,,,,,,,,,,,,,
,,,,,,,,,,,,,,,,,,,,
,,,,,,,,,,,,,,,,,,,,
,,,,,,,,,,,,,,,,,,,,
,,,,,,,,,,,,,,,,,,,,
,,,,,,,,,,,,,,,,,,,,
,,,,,,,,,,,,,,,,,,,,
,,,,,,,,,,,,,,,,,,,,
,,,,,,,,,,,,,,,,,,,,
,,,,,,,,,,,,,,,,,,,,
,,,,,,,,,,,,,,,,,,,,
,,,,,,,,,,,,,,,,,,,,
,,,,,,,,,,,,,,,,,,,,
,,,,,,,,,,,,,,,,,,,,
,,,,,,,,,,,,,,,,,,,,
,,,,,,,,,,,,,,,,,,,,
,,,,,,,,,,,,,,,,,,,,
,,,,,,,,,,,,,,,,,,,,
,,,,,,,,,,,,,,,,,,,,
,,,,,,,,,,,,,,,,,,,,
,,,,,,,,,,,,,,,,,,,,
,,,,,,,,,,,,,,,,,,,,
,,,,,,,,,,,,,,,,,,,,
,,,,,,,,,,,,,,,,,,,,
,,,,,,,,,,,,,,,,,,,,
,,,,,,,,,,,,,,,,,,,,
,,,,,,,,,,,,,,,,,,,,
,,,,,,,,,,,,,,,,,,,,
,,,,,,,,,,,,,,,,,,,,
,,,,,,,,,,,,,,,,,,,,
,,,,,,,,,,,,,,,,,,,,
,,,,,,,,,,,,,,,,,,,,
,,,,,,,,,,,,,,,,,,,,
,,,,,,,,,,,,,,,,,,,,
,,,,,,,,,,,,,,,,,,,,
,,,,,,,,,,,,,,,,,,,,
,,,,,,,,,,,,,,,,,,,,
,,,,,,,,,,,,,,,,,,,,
,,,,,,,,,,,,,,,,,,,,
,,,,,,,,,,,,,,,,,,,,
,,,,,,,,,,,,,,,,,,,,
,,,,,,,,,,,,,,,,,,,,
,,,,,,,,,,,,,,,,,,,,
,,,,,,,,,,,,,,,,,,,,
,,,,,,,,,,,,,,,,,,,,
,,,,,,,,,,,,,,,,,,,,
,,,,,,,,,,,,,,,,,,,,
,,,,,,,,,,,,,,,,,,,,
,,,,,,,,,,,,,,,,,,,,
,,,,,,,,,,,,,,,,,,,,
,,,,,,,,,,,,,,,,,,,,
,,,,,,,,,,,,,,,,,,,,
,,,,,,,,,,,,,,,,,,,,
,,,,,,,,,,,,,,,,,,,,
,,,,,,,,,,,,,,,,,,,,
,,,,,,,,,,,,,,,,,,,,
,,,,,,,,,,,,,,,,,,,,
,,,,,,,,,,,,,,,,,,,,
,,,,,,,,,,,,,,,,,,,,
,,,,,,,,,,,,,,,,,,,,
,,,,,,,,,,,,,,,,,,,,
,,,,,,,,,,,,,,,,,,,,
,,,,,,,,,,,,,,,,,,,,
,,,,,,,,,,,,,,,,,,,,
,,,,,,,,,,,,,,,,,,,,
,,,,,,,,,,,,,,,,,,,,
,,,,,,,,,,,,,,,,,,,,
,,,,,,,,,,,,,,,,,,,,
,,,,,,,,,,,,,,,,,,,,
,,,,,,,,,,,,,,,,,,,,
,,,,,,,,,,,,,,,,,,,,
,,,,,,,,,,,,,,,,,,,,
,,,,,,,,,,,,,,,,,,,,
,,,,,,,,,,,,,,,,,,,,
,,,,,,,,,,,,,,,,,,,,
,,,,,,,,,,,,,,,,,,,,
,,,,,,,,,,,,,,,,,,,,
,,,,,,,,,,,,,,,,,,,,
,,,,,,,,,,,,,,,,,,,,
,,,,,,,,,,,,,,,,,,,,
,,,,,,,,,,,,,,,,,,,,
,,,,,,,,,,,,,,,,,,,,
,,,,,,,,,,,,,,,,,,,,
,,,,,,,,,,,,,,,,,,,,
,,,,,,,,,,,,,,,,,,,,
,,,,,,,,,,,,,,,,,,,,
,,,,,,,,,,,,,,,,,,,,
,,,,,,,,,,,,,,,,,,,,
,,,,,,,,,,,,,,,,,,,,
,,,,,,,,,,,,,,,,,,,,
,,,,,,,,,,,,,,,,,,,,
,,,,,,,,,,,,,,,,,,,,
,,,,,,,,,,,,,,,,,,,,
,,,,,,,,,,,,,,,,,,,,
,,,,,,,,,,,,,,,,,,,,
,,,,,,,,,,,,,,,,,,,,
,,,,,,,,,,,,,,,,,,,,
,,,,,,,,,,,,,,,,,,,,
,,,,,,,,,,,,,,,,,,,,
,,,,,,,,,,,,,,,,,,,,
,,,,,,,,,,,,,,,,,,,,
,,,,,,,,,,,,,,,,,,,,
,,,,,,,,,,,,,,,,,,,,
,,,,,,,,,,,,,,,,,,,,
,,,,,,,,,,,,,,,,,,,,
,,,,,,,,,,,,,,,,,,,,
,,,,,,,,,,,,,,,,,,,,
,,,,,,,,,,,,,,,,,,,,
,,,,,,,,,,,,,,,,,,,,
,,,,,,,,,,,,,,,,,,,,
,,,,,,,,,,,,,,,,,,,,
,,,,,,,,,,,,,,,,,,,,
,,,,,,,,,,,,,,,,,,,,
,,,,,,,,,,,,,,,,,,,,
,,,,,,,,,,,,,,,,,,,,
,,,,,,,,,,,,,,,,,,,,
,,,,,,,,,,,,,,,,,,,,
,,,,,,,,,,,,,,,,,,,,
,,,,,,,,,,,,,,,,,,,,
,,,,,,,,,,,,,,,,,,,,
,,,,,,,,,,,,,,,,,,,,
,,,,,,,,,,,,,,,,,,,,
,,,,,,,,,,,,,,,,,,,,
,,,,,,,,,,,,,,,,,,,,
,,,,,,,,,,,,,,,,,,,,
,,,,,,,,,,,,,,,,,,,,
,,,,,,,,,,,,,,,,,,,,
,,,,,,,,,,,,,,,,,,,,
,,,,,,,,,,,,,,,,,,,,
,,,,,,,,,,,,,,,,,,,,
,,,,,,,,,,,,,,,,,,,,
,,,,,,,,,,,,,,,,,,,,
,,,,,,,,,,,,,,,,,,,,
,,,,,,,,,,,,,,,,,,,,
,,,,,,,,,,,,,,,,,,,,
,,,,,,,,,,,,,,,,,,,,
,,,,,,,,,,,,,,,,,,,,
,,,,,,,,,,,,,,,,,,,,
,,,,,,,,,,,,,,,,,,,,
,,,,,,,,,,,,,,,,,,,,
,,,,,,,,,,,,,,,,,,,,
,,,,,,,,,,,,,,,,,,,,
,,,,,,,,,,,,,,,,,,,,
,,,,,,,,,,,,,,,,,,,,
,,,,,,,,,,,,,,,,,,,,
,,,,,,,,,,,,,,,,,,,,
,,,,,,,,,,,,,,,,,,,,
,,,,,,,,,,,,,,,,,,,,
,,,,,,,,,,,,,,,,,,,,
,,,,,,,,,,,,,,,,,,,,
,,,,,,,,,,,,,,,,,,,,
,,,,,,,,,,,,,,,,,,,,
,,,,,,,,,,,,,,,,,,,,
,,,,,,,,,,,,,,,,,,,,
,,,,,,,,,,,,,,,,,,,,
,,,,,,,,,,,,,,,,,,,,
,,,,,,,,,,,,,,,,,,,,
,,,,,,,,,,,,,,,,,,,,
,,,,,,,,,,,,,,,,,,,,
,,,,,,,,,,,,,,,,,,,,
,,,,,,,,,,,,,,,,,,,,
,,,,,,,,,,,,,,,,,,,,
,,,,,,,,,,,,,,,,,,,,
,,,,,,,,,,,,,,,,,,,,
,,,,,,,,,,,,,,,,,,,,
,,,,,,,,,,,,,,,,,,,,
,,,,,,,,,,,,,,,,,,,,
,,,,,,,,,,,,,,,,,,,,
,,,,,,,,,,,,,,,,,,,,
,,,,,,,,,,,,,,,,,,,,
,,,,,,,,,,,,,,,,,,,,
,,,,,,,,,,,,,,,,,,,,
,,,,,,,,,,,,,,,,,,,,
,,,,,,,,,,,,,,,,,,,,
,,,,,,,,,,,,,,,,,,,,
,,,,,,,,,,,,,,,,,,,,
,,,,,,,,,,,,,,,,,,,,
,,,,,,,,,,,,,,,,,,,,
,,,,,,,,,,,,,,,,,,,,
,,,,,,,,,,,,,,,,,,,,
,,,,,,,,,,,,,,,,,,,,
,,,,,,,,,,,,,,,,,,,,
,,,,,,,,,,,,,,,,,,,,
,,,,,,,,,,,,,,,,,,,,
,,,,,,,,,,,,,,,,,,,,
,,,,,,,,,,,,,,,,,,,,
,,,,,,,,,,,,,,,,,,,,
,,,,,,,,,,,,,,,,,,,,
,,,,,,,,,,,,,,,,,,,,
,,,,,,,,,,,,,,,,,,,,
,,,,,,,,,,,,,,,,,,,,
,,,,,,,,,,,,,,,,,,,,
,,,,,,,,,,,,,,,,,,,,
,,,,,,,,,,,,,,,,,,,,
,,,,,,,,,,,,,,,,,,,,
,,,,,,,,,,,,,,,,,,,,
,,,,,,,,,,,,,,,,,,,,